<?xml version="1.0" encoding="UTF-8"?>
<?xml-stylesheet type="text/xsl" href="xslt/eMeasure.xsl"?>
<QualityMeasureDocument xmlns:xsi="http://www.w3.org/2001/XMLSchema-instance" xmlns="urn:hl7-org:v3">
         
      <!--
         **************************************************************   
         Measure Header Section
         **************************************************************
      --><typeId root="2.16.840.1.113883.1.3" extension="POQM_HD000001"/>
   <id root="8a4d92b2-37d1-f95b-0137-e726ad2f7415"/>
   <code code="57024-2" codeSystem="2.16.840.1.113883.6.1" displayName="Health Quality Measure Document"/>
   <title>Exclusive Breast Milk Feeding</title>
   <text>Exclusive breast milk feeding during the newborn's entire hospitalization</text>
   <statusCode code="Complete"/>
   <setId root="7d374c6a-3821-4333-a1bc-4531005d77b8"/>
   <versionNumber value="1"/>
   <author typeCode="AUT">
      <assignedPerson classCode="ASSIGNED">
         <representedOrganization classCode="ORG" determinerCode="INSTANCE">
            <id root="1.3.6.1.4.1.33895"/>
            <name>Joint Commission</name>
            <contactParty classCode="CON" nullFlavor="UNK"/>
         </representedOrganization>
      </assignedPerson>
   </author>
   <custodian>
      <assignedPerson classCode="ASSIGNED">
         <representedOrganization classCode="ORG" determinerCode="INSTANCE">
            <id root="1.3.6.1.4.1.33895"/>
            <name>Joint Commission</name>
            <contactParty classCode="CON" nullFlavor="UNK"/>
         </representedOrganization>
      </assignedPerson>
   </custodian>
   <verifier typeCode="VRF">
      <assignedPerson classCode="ASSIGNED">
         <representedOrganization classCode="ORG" determinerCode="INSTANCE">
            <name>National Quality Forum</name>
            <contactParty classCode="CON" nullFlavor="UNK"/>
         </representedOrganization>
      </assignedPerson>
   </verifier>
   <subjectOf>
      <measureAttribute>
         <code code="COPY" codeSystem="2.16.840.1.113883.5.4" displayName="Copyright"/>
         <value xsi:type="ED" mediaType="text/plain">LOINC(R) is a registered trademark of the Regenstrief Institute.&#xD;
 &#xD;
This material contains SNOMED Clinical Terms (R) (SNOMED CT(c)) copyright 2004-2010 International Health Terminology Standards Development Organization. All rights reserved.</value>
      </measureAttribute>
   </subjectOf>
   <subjectOf>
      <measureAttribute>
         <code code="MSRSCORE" codeSystem="2.16.840.1.113883.5.4" displayName="Measure Scoring"/>
         <value xsi:type="CD" code="PROPOR" codeSystem="2.16.840.1.113883.1.11.20367" displayName="Proportion"/>
      </measureAttribute>
   </subjectOf>
   <subjectOf>
      <measureAttribute>
         <code code="MSRTYPE" codeSystem="2.16.840.1.113883.5.4" displayName="Measure Type"/>
         <value xsi:type="CD" code="PROCESS" codeSystem="2.16.840.1.113883.1.11.20368" displayName="Process"/>
      </measureAttribute>
   </subjectOf>
   <subjectOf>
      <measureAttribute>
         <code code="STRAT" codeSystem="2.16.840.1.113883.5.4" displayName="Stratification"/>
         <value xsi:type="ED" mediaType="text/plain">None</value>
      </measureAttribute>
   </subjectOf>
   <subjectOf>
      <measureAttribute>
         <code code="MSRADJ" codeSystem="2.16.840.1.113883.5.4" displayName="Risk Adjustment"/>
         <value xsi:type="ED" mediaType="text/plain">None</value>
      </measureAttribute>
   </subjectOf>
   <subjectOf>
      <measureAttribute>
         <code code="MSRAGG" codeSystem="2.16.840.1.113883.5.4" displayName="Rate Aggregation"/>
         <value xsi:type="ED" mediaType="text/plain">None</value>
      </measureAttribute>
   </subjectOf>
   <subjectOf>
      <measureAttribute>
         <code code="RAT" codeSystem="2.16.840.1.113883.5.4" displayName="Rationale"/>
         <value xsi:type="ED" mediaType="text/plain">Exclusive breast milk feeding for the first 6 months of neonatal life has long been the expressed goal of World Health Organization (WHO), Department of Health and Human Services (DHHS), American Academy of Pediatrics (AAP) and American College of Obstetricians and Gynecologists (ACOG). ACOG has recently reiterated its position (ACOG, 2007). A recent Cochrane review substantiates the benefits (Kramer et al., 2002). Much evidence has now focused on the prenatal and intrapartum period as critical for the success of exclusive (or any) BF (Centers for Disease Control and Prevention [CDC], 2007; Petrova et al., 2007; Shealy et al., 2005; Taveras et al., 2004). Exclusive breast milk feeding rate during birth hospital stay has been calculated by the California Department of Public Health for the last several years using newborn genetic disease testing data. Healthy People 2010 and the CDC have also been active in promoting this goal.</value>
      </measureAttribute>
   </subjectOf>
   <subjectOf>
      <measureAttribute>
         <code code="CRS" codeSystem="2.16.840.1.113883.3.560" displayName="Clinical Recommendation Statement"/>
         <value xsi:type="ED" mediaType="text/plain">Exclusive breast milk feeding for the first 6 months of neonatal life can result in numerous long-term health benefits for both mother and newborn and is recommended by a number of national and international organizations. Evidence suggests that the prenatal and intrapartum period is critical for the success of exclusive (or any) breast feeding. Therefore, it is recommended that newborns are fed breast milk only from birth to discharge.</value>
      </measureAttribute>
   </subjectOf>
   <subjectOf>
      <measureAttribute>
         <code code="IDUR" codeSystem="2.16.840.1.113883.3.560" displayName="Improvement Notation"/>
         <value xsi:type="ED" mediaType="text/plain">Increase in the rate</value>
      </measureAttribute>
   </subjectOf>
   <subjectOf>
      <measureAttribute>
         <code nullFlavor="OTH">
            <originalText>NQF ID Number</originalText>
         </code>
         <value xsi:type="II" root="2.16.840.1.113883.3.560.1" extension="0480"/>
      </measureAttribute>
   </subjectOf>
   <subjectOf>
      <measureAttribute>
         <code code="DISC" codeSystem="2.16.840.1.113883.5.4" displayName="Disclaimer">
            <originalText>Disclaimer</originalText>
         </code>
         <value xsi:type="ED" mediaType="text/plain">None</value>
      </measureAttribute>
   </subjectOf>
   <subjectOf>
      <measureAttribute>
         <code nullFlavor="OTH">
            <originalText>eMeasure Identifier</originalText>
         </code>
         <value xsi:type="ED" mediaType="text/plain">9</value>
      </measureAttribute>
   </subjectOf>
   <subjectOf>
      <measureAttribute>
         <templateId root="2.16.840.1.113883.3.560.1.74"/>
         <id root="63127d2c-f202-4044-bee8-98da221faf25"/>
         <code code="MSRTP" displayName="Measurement period" codeSystem="2.16.840.1.113883.3.560"/>
         <value xsi:type="IVL_TS">
            <low value="00000101"/>
            <high value="00001231"/>
         </value>
      </measureAttribute>
   </subjectOf>
   <subjectOf>
      <localVariableName>measureStartDate</localVariableName>
      <measureAttribute>
         <templateId root="2.16.840.1.113883.3.560.1.75"/>
         <id root="cc815633-fcba-4d7e-99b9-8bbb39570da9"/>
         <code code="MSRSD" displayName="Measurement start date" codeSystem="2.16.840.1.113883.3.560"/>
         <value xsi:type="TS" value="00000101"/>
      </measureAttribute>
   </subjectOf>
   <subjectOf>
      <localVariableName>measureEndDate</localVariableName>
      <measureAttribute>
         <templateId root="2.16.840.1.113883.3.560.1.75"/>
         <id root="2876220e-8d7c-48b9-b442-0ed5d3b19147"/>
         <code code="MSRED" displayName="Measurement end date" codeSystem="2.16.840.1.113883.3.560"/>
         <value xsi:type="TS" value="00001231"/>
      </measureAttribute>
   </subjectOf>
   <subjectOf>
      <measureAttribute>
         <code code="REF" codeSystem="2.16.840.1.113883.5.4" displayName="Reference"/>
         <value xsi:type="ED" mediaType="text/plain">American Academy of Pediatrics. (2005). Section on Breastfeeding. Policy Statement: Breastfeeding and the Use of Human Milk. Pediatrics.115:496– 506.</value>
      </measureAttribute>
   </subjectOf>
   <subjectOf>
      <measureAttribute>
         <code code="REF" codeSystem="2.16.840.1.113883.5.4" displayName="Reference"/>
         <value xsi:type="ED" mediaType="text/plain">American College of Obstetricians and Gynecologists. (Feb. 2007). Committee on Obstetric Practice and Committee on Health Care for Underserved Women.Breastfeeding: Maternal and Infant Aspects. ACOG Committee Opinion 361.</value>
      </measureAttribute>
   </subjectOf>
   <subjectOf>
      <measureAttribute>
         <code code="REF" codeSystem="2.16.840.1.113883.5.4" displayName="Reference"/>
         <value xsi:type="ED" mediaType="text/plain">California Department of Public Health. (2006). Genetic Disease Branch. California In-Hospital Breastfeeding as Indicated on the Newborn Screening Test Form, Statewide, County and Hospital of Occurrence: Available at: http://www.cdph.ca.gov/data/statistics/Pages/BreastfeedingStatistics.aspx.</value>
      </measureAttribute>
   </subjectOf>
   <subjectOf>
      <measureAttribute>
         <code code="REF" codeSystem="2.16.840.1.113883.5.4" displayName="Reference"/>
         <value xsi:type="ED" mediaType="text/plain">Centers for Disease Control and Prevention. (Aug 3, 2007). Breastfeeding trends and updated national health objectives for exclusive breastfeeding--United States birth years 2000-2004. MMWR - Morbidity &amp; Mortality Weekly Report. 56(30):760-3.</value>
      </measureAttribute>
   </subjectOf>
   <subjectOf>
      <measureAttribute>
         <code code="REF" codeSystem="2.16.840.1.113883.5.4" displayName="Reference"/>
         <value xsi:type="ED" mediaType="text/plain">Centers for Disease Control and Prevention. (2007). Division of Nutrition, Physical Activity and Obesity. Breastfeeding Report Card. Available at: http://www.cdc.gov/breastfeeding/data/report_card2.htm.</value>
      </measureAttribute>
   </subjectOf>
   <subjectOf>
      <measureAttribute>
         <code code="REF" codeSystem="2.16.840.1.113883.5.4" displayName="Reference"/>
         <value xsi:type="ED" mediaType="text/plain">Ip, S., Chung, M., Raman, G., et al. (2007). Breastfeeding and maternal and infant health outcomes in developed countries. Rockville, MD: US Department of Health and Human Services. Available at: http://www.ahrq.gov/downloads/pub/evidence/pdf/brfout/brfout.pdf</value>
      </measureAttribute>
   </subjectOf>
   <subjectOf>
      <measureAttribute>
         <code code="REF" codeSystem="2.16.840.1.113883.5.4" displayName="Reference"/>
         <value xsi:type="ED" mediaType="text/plain">Kramer, M.S. &amp; Kakuma, R. (2002).Optimal duration of exclusive breastfeeding. [107 refs] Cochrane Database of Systematic Reviews. (1):CD003517.</value>
      </measureAttribute>
   </subjectOf>
   <subjectOf>
      <measureAttribute>
         <code code="REF" codeSystem="2.16.840.1.113883.5.4" displayName="Reference"/>
         <value xsi:type="ED" mediaType="text/plain">Petrova, A., Hegyi, T., &amp; Mehta, R. (2007). Maternal race/ethnicity and one-month exclusive breastfeeding in association with the in-hospital feeding modality. Breastfeeding Medicine. 2(2):92-8.</value>
      </measureAttribute>
   </subjectOf>
   <subjectOf>
      <measureAttribute>
         <code code="REF" codeSystem="2.16.840.1.113883.5.4" displayName="Reference"/>
         <value xsi:type="ED" mediaType="text/plain">Shealy, K.R., Li, R., Benton-Davis, S., &amp; Grummer-Strawn, L.M. (2005).The CDC guide to breastfeeding interventions. Atlanta, GA: US Department of Health and Human Services, CDC. Available at: http://www.cdc.gov/breastfeeding/pdf/breastfeeding_interventions.pdf.</value>
      </measureAttribute>
   </subjectOf>
   <subjectOf>
      <measureAttribute>
         <code code="REF" codeSystem="2.16.840.1.113883.5.4" displayName="Reference"/>
         <value xsi:type="ED" mediaType="text/plain">Taveras, E.M., Li, R., Grummer-Strawn, L., Richardson, M., Marshall, R., Rego, V.H., Miroshnik, I., &amp; Lieu, T.A. (2004). Opinions and practices of clinicians associated with continuation of exclusive breastfeeding. Pediatrics. 113(4):e283-90.</value>
      </measureAttribute>
   </subjectOf>
   <subjectOf>
      <measureAttribute>
         <code code="REF" codeSystem="2.16.840.1.113883.5.4" displayName="Reference"/>
         <value xsi:type="ED" mediaType="text/plain">US Department of Health and Human Services. (2007). Healthy People 2010 Midcourse Review. Washington, DC: US Department of Health and Human Services. Available at: http://www.healthypeople.gov/data/midcourse.</value>
      </measureAttribute>
   </subjectOf>
   <subjectOf>
      <measureAttribute>
         <code code="REF" codeSystem="2.16.840.1.113883.5.4" displayName="Reference"/>
         <value xsi:type="ED" mediaType="text/plain">World Health Organization. (1991). Indicators for assessing breastfeeding practices. Geneva, Switzerland: World Health Organization. Available at: http://www.who.int/child-adolescent-health/new_publications/nutrition/who_cdd_ser_91.14.pdf.</value>
      </measureAttribute>
   </subjectOf>
   <subjectOf>
      <measureAttribute>
         <code code="DEF" codeSystem="2.16.840.1.113883.3.560" displayName="Definition"/>
         <value xsi:type="ED" mediaType="text/plain">None</value>
      </measureAttribute>
   </subjectOf>
   <subjectOf>
      <measureAttribute>
         <code code="GUIDE" codeSystem="2.16.840.1.113883.5.4" displayName="Guidance"/>
         <value xsi:type="ED" mediaType="text/plain">Maternal reasons for not exclusively breastfeeding are limited to the following situations:&#xD;
• HIV infection &#xD;
• Human t-lymphotrophic virus type I or II &#xD;
• Substance abuse and/or alcohol abuse &#xD;
• Active, untreated tuberculosis &#xD;
• Taking certain medications, i.e., prescribed cancer chemotherapy, radioactive isotopes, antimetabolites, antiretroviral medications and other medications where the risk of morbidity outweighs the benefits of breast milk feeding &#xD;
• Undergoing radiation therapy &#xD;
• Active, untreated varicella &#xD;
• Active herpes simplex virus with breast lesions &#xD;
• Admission to Intensive Care Unit (ICU) post-partum&#xD;
&#xD;
A discharge to a designated cancer center or children’s hospital should be captured as a discharge to another hospital.&#xD;
&#xD;
The unit of measurement for this measure is an inpatient episode of care. Each distinct hospitalization should be reported, regardless of whether the same patient is admitted for inpatient care more than once during the measurement period. In addition, the eMeasure logic intends to represent events within or surrounding a single occurrence of an inpatient hospitalization.&#xD;
&#xD;
The logic phrase AND: “Occurrence A of Encounter, Performed: Inpatient Encounter (reason: 'Birth')” intends to capture admission type of newborn for the encounter. Where this information is available in existing EHR structured fields (e.g. data that is fed to UB 04, field location 14), it can be used to map the criterion specified in the logic.&#xD;
&#xD;
The logic phrase AND: “Diagnosis, Active: Liveborn Born In Hospital” starts during “Occurrence A of Encounter, Performed: Inpatient Encounter” intends to capture the point of origin for the inpatient admission. Where this information is available in existing EHR structured fields (e.g. data that is fed to UB-04, field location 15), it can be used to map the criterion specified in the logic.</value>
      </measureAttribute>
   </subjectOf>
   <subjectOf>
      <measureAttribute>
         <code nullFlavor="OTH">
            <originalText>Transmission Format</originalText>
         </code>
         <value xsi:type="ED" mediaType="text/plain">None</value>
      </measureAttribute>
   </subjectOf>
   <subjectOf>
      <measureAttribute>
         <code code="IPP" codeSystem="2.16.840.1.113883.5.1063">
            <originalText>Initial Patient Population</originalText>
         </code>
         <value xsi:type="ED" mediaType="text/plain">Single term newborns discharged from the hospital who has no diagnosis of galactosemia, no performed procedure of parenteral infusion, no diagnosis of premature newborn, and length of stay less than or equal to 120 days.</value>
      </measureAttribute>
   </subjectOf>
   <subjectOf>
      <measureAttribute>
         <code code="DENOM" codeSystem="2.16.840.1.113883.5.1063">
            <originalText>Denominator</originalText>
         </code>
         <value xsi:type="ED" mediaType="text/plain">Single term newborns discharged from the hospital who has no diagnosis of galactosemia, no procedure of parenteral infusion, no diagnosis of premature newborn, and length of stay less than or equal to 120 days.</value>
      </measureAttribute>
   </subjectOf>
   <subjectOf>
      <measureAttribute>
         <code nullFlavor="OTH">
            <originalText>Denominator Exclusions</originalText>
         </code>
         <value xsi:type="ED" mediaType="text/plain">Admitted to the Neonatal Intensive Care Unit (NICU) at this hospital during the hospitalization; Experienced death; Had documented reason for not exclusively feeding breast milk; Patients transferred to another hospital.</value>
      </measureAttribute>
   </subjectOf>
   <subjectOf>
      <measureAttribute>
         <code code="NUMER" codeSystem="2.16.840.1.113883.5.1063">
            <originalText>Numerator</originalText>
         </code>
         <value xsi:type="ED" mediaType="text/plain">Newborns that were fed breast milk only since birth</value>
      </measureAttribute>
   </subjectOf>
   <subjectOf>
      <measureAttribute>
         <code nullFlavor="OTH">
            <originalText>Numerator Exclusions</originalText>
         </code>
         <value xsi:type="ED" mediaType="text/plain">Not applicable</value>
      </measureAttribute>
   </subjectOf>
   <subjectOf>
      <measureAttribute>
         <code code="DENEXCEP" codeSystem="2.16.840.1.113883.5.1063">
            <originalText>Denominator Exceptions</originalText>
         </code>
         <value xsi:type="ED" mediaType="text/plain">None</value>
      </measureAttribute>
   </subjectOf>
   <subjectOf>
      <measureAttribute>
         <code code="MSRPOPL" codeSystem="2.16.840.1.113883.5.1063">
            <originalText>Measure Population</originalText>
         </code>
         <value xsi:type="ED" mediaType="text/plain">Not applicable</value>
      </measureAttribute>
   </subjectOf>
   <subjectOf>
      <measureAttribute>
         <code nullFlavor="OTH">
            <originalText>Measure Observations</originalText>
         </code>
         <value xsi:type="ED" mediaType="text/plain">Not applicable</value>
      </measureAttribute>
   </subjectOf>
   <subjectOf>
      <measureAttribute>
         <code nullFlavor="OTH">
            <originalText>Supplemental Data Elements</originalText>
         </code>
         <value xsi:type="ED" mediaType="text/plain">For every patient evaluated by this measure also identify payer, race, ethnicity and sex.</value>
      </measureAttribute>
   </subjectOf>
   <componentOf>
      <qualityMeasureSet classCode="ACT">
         <id root="f79974e2-515c-4989-aa20-e9d0753d937f"/>
         <title>eMeasure Perinatal Care (ePC)</title>
      </qualityMeasureSet>
   </componentOf>
         
      <!--
         **************************************************************   
         Population Criteria Section
         **************************************************************
      --><component typeCode="COMP">
      <section>
         <code code="57026-7" codeSystem="2.16.840.1.113883.6.1" displayName="Population criteria"/>
         <title>Population criteria</title>
         <text>
            <list>
               <item>
                  <content styleCode="Bold">Initial Patient Population =</content>
                  <list>
                     <item>AND NOT: "Diagnosis, Active: Galactosemia" starts during "Occurrence A of Encounter, Performed: Inpatient Encounter"</item>
                     <item>AND NOT: "Procedure, Performed: Parenteral Infusion" during "Occurrence A of Encounter, Performed: Inpatient Encounter"</item>
                     <item>AND: "Occurrence A of Encounter, Performed: Inpatient Encounter (discharge datetime)" during "Measurement Period"</item>
                     <item>AND: "Occurrence A of Encounter, Performed: Inpatient Encounter (length of stay &lt;= 120 day(s))"</item>
                     <item>AND: "Diagnosis, Active: Gestational age &gt;= 37 weeks" starts during "Occurrence A of Encounter, Performed: Inpatient Encounter"</item>
                     <item>AND: <list>
                           <item>OR: "Diagnosis, Active: Single Liveborn Newborn Born in Hospital" starts during "Occurrence A of Encounter, Performed: Inpatient Encounter"</item>
                           <item>OR: <list>
                                 <item>AND: "Diagnosis, Active: Single Live Birth" starts during "Occurrence A of Encounter, Performed: Inpatient Encounter"</item>
                                 <item>AND: "Diagnosis, Active: Liveborn Born In Hospital" starts during "Occurrence A of Encounter, Performed: Inpatient Encounter"</item>
                                 <item>AND: "Occurrence A of Encounter, Performed: Inpatient Encounter (reason: 'Birth')"</item>
                              </list>
                           </item>
                        </list>
                     </item>
                  </list>
               </item>
               <item>
                  <content styleCode="Bold">Denominator =</content>
                  <list>
                     <item>AND: "Initial Patient Population"</item>
                  </list>
               </item>
               <item>
                  <content styleCode="Bold">Denominator Exclusions =</content>
                  <list>
                     <item>AND: <list>
                           <item>OR: "Encounter, Performed: Inpatient Encounter (facility location: 'Neonatal Intensive Care Unit (NICU)')" during "Occurrence A of Encounter, Performed: Inpatient Encounter"</item>
                           <item>OR: "Occurrence A of Encounter, Performed: Inpatient Encounter (discharge status: 'Patient Expired')"</item>
                           <item>OR: "Occurrence A of Encounter, Performed: Inpatient Encounter (discharge status: 'Discharge To Another Hospital')"</item>
                        </list>
                     </item>
                  </list>
               </item>
               <item>
                  <content styleCode="Bold">Numerator =</content>
                  <list>
                     <item>AND: <list>
                           <item>AND NOT: "Substance, Administered: Dietary Intake Other than Breast Milk"</item>
                           <item>AND: "Substance, Administered: Breast Milk"</item>
                           <item> during "Occurrence A of Encounter, Performed: Inpatient Encounter"</item>
                        </list>
                     </item>
                  </list>
               </item>
               <item>
                  <content styleCode="Bold">Denominator Exceptions =</content>
                  <list>
                     <item>AND: "Substance, Administered not done: Maternal Reason" for "Breast Milk SNOMED-CT Value Set" during "Occurrence A of Encounter, Performed: Inpatient Encounter"</item>
                  </list>
               </item>
            </list>
         </text><!--
            **************************************************************   
            Population Criteria Section: exceptions 
            **************************************************************
      -->
         <entry typeCode="DRIV">
            <observation classCode="OBS" moodCode="EVN" isCriterionInd="true">
               <id root="B1722AA5-D231-442B-9D6F-6E225F457B09"/>
               <code code="ASSERTION" codeSystem="2.16.840.1.113883.5.4"/>
               <value xsi:type="CD" code="DENEXCEP" codeSystem="2.16.840.1.113883.5.1063" codeSystemName="HL7 Observation Value" displayName="Denominator Exception"/><!--  top and/or -->
               <sourceOf typeCode="PRCN">
                  <conjunctionCode code="AND"/>
                  <act classCode="ACT" moodCode="EVN" isCriterionInd="true" actionNegationInd="true"><!-- Substance, Administered pattern -->
                     <templateId root="2.16.840.1.113883.3.560.1.164"/>
                     <id root="9e362843-74c0-4f9f-ab40-dea9c6b8a78b"/>
                     <code code="11320-9" displayName="Feeding and dietary status" codeSystem="2.16.840.1.113883.6.1"/>
                     <sourceOf typeCode="COMP">
                        <substanceAdministration classCode="SBADM" moodCode="EVN" isCriterionInd="true">
                           <title>Substance, Administered not done: Maternal Reason</title>
                           <participant typeCode="CSM">
                              <roleParticipant classCode="MANU">
                                 <playingMaterial classCode="MMAT" determinerCode="KIND">
                                    <code code="2.16.840.1.113883.3.117.1.7.1.30" displayName="Breast Milk SNOMED-CT Value Set" codeSystem="2.16.840.1.113883.3.560.101.1"/>
                                 </playingMaterial>
                              </roleParticipant>
                           </participant>
                           <sourceOf typeCode="RSON">
                              <observation classCode="OBS" moodCode="EVN" isCriterionInd="true">
                                 <code code="ASSERTION" codeSystem="2.16.840.1.113883.5.4"/>
                                 <value xsi:type="CD" code="2.16.840.1.113883.3.117.1.7.1.84" displayName="Maternal Reason SNOMED-CT Value Set"/>
                              </observation>
                           </sourceOf>
                           <sourceOf typeCode="DURING">
                              <observation classCode="OBS" moodCode="EVN" isCriterionInd="true">
                                 <id root="c8d4a8ab-005d-426e-b1ba-4ce8601356a8"/>
                                 <title>Occurrence A of Encounter, Performed: Inpatient Encounter</title>
                              </observation>
                           </sourceOf>
                        </substanceAdministration>
                     </sourceOf>
                  </act>
               </sourceOf>
            </observation>
         </entry><!--
            **************************************************************   
            Population Criteria Section: exclusions 
            **************************************************************
      -->
         <entry typeCode="DRIV">
            <observation classCode="OBS" moodCode="EVN" isCriterionInd="true" actionNegationInd="true">
               <id root="35D980DC-0276-4374-8081-BAC526A2E986"/>
               <code code="ASSERTION" codeSystem="2.16.840.1.113883.5.4"/>
               <value xsi:type="CD" code="DENOM" codeSystem="2.16.840.1.113883.5.1063" codeSystemName="HL7 Observation Value" displayName="Denominator"/><!--  top and/or -->
               <sourceOf typeCode="PRCN">
                  <conjunctionCode code="AND"/>
                  <act classCode="ACT" moodCode="EVN" isCriterionInd="true">
                     <sourceOf typeCode="PRCN">
                        <conjunctionCode code="OR"/>
                        <act classCode="ACT" moodCode="EVN" isCriterionInd="true"><!-- Encounter, Performed pattern -->
                           <templateId root="2.16.840.1.113883.3.560.1.79"/>
                           <id root="ac8bb8f7-f11a-45b8-9fae-ccc91b94eee1"/>
                           <code code="46240-8" codeSystem="2.16.840.1.113883.6.1" displayName="Encounter list"/>
                           <sourceOf typeCode="COMP">
                              <encounter classCode="ENC" moodCode="EVN" isCriterionInd="true">
                                 <code code="2.16.840.1.113883.3.117.1.7.1.23" displayName="Inpatient Encounter SNOMED-CT Value Set" codeSystem="2.16.840.1.113883.3.560.101.1"/>
                                 <title>Encounter, Performed: Inpatient Encounter (facility location: 'Neonatal Intensive Care Unit (NICU)')</title>
                                 <statusCode code="completed"/>
                                 <sourceOf typeCode="SUBJ">
                                    <encounter classCode="ENC" moodCode="EVN" isCriterionInd="true">
                                       <templateId root="2.16.840.1.113883.3.560.1.1034.2"/>
                                       <participant typeCode="LOC">
                                          <roleParticipant classCode="SDLOC">
                                             <code code="2.16.840.1.113883.3.117.1.7.1.75" codeSystem="2.16.840.1.113883.3.560.101.1" displayName="Neonatal Intensive Care Unit (NICU)"/>
                                          </roleParticipant>
                                       </participant>
                                    </encounter>
                                 </sourceOf>
                                 <sourceOf typeCode="DURING">
                                    <observation classCode="OBS" moodCode="EVN" isCriterionInd="true">
                                       <id root="c8d4a8ab-005d-426e-b1ba-4ce8601356a8"/>
                                       <title>Occurrence A of Encounter, Performed: Inpatient Encounter</title>
                                    </observation>
                                 </sourceOf>
                              </encounter>
                           </sourceOf>
                        </act>
                     </sourceOf>
                     <sourceOf typeCode="PRCN">
                        <conjunctionCode code="OR"/>
                        <act classCode="ACT" moodCode="EVN" isCriterionInd="true"><!-- Encounter, Performed pattern -->
                           <templateId root="2.16.840.1.113883.3.560.1.79"/>
                           <id root="c8d4a8ab-005d-426e-b1ba-4ce8601356a8"/>
                           <code code="46240-8" codeSystem="2.16.840.1.113883.6.1" displayName="Encounter list"/>
                           <sourceOf typeCode="COMP">
                              <encounter classCode="ENC" moodCode="EVN" isCriterionInd="true">
                                 <code code="2.16.840.1.113883.3.117.1.7.1.23" displayName="Inpatient Encounter SNOMED-CT Value Set" codeSystem="2.16.840.1.113883.3.560.101.1"/>
                                 <title>Occurrence A of Encounter, Performed: Inpatient Encounter (discharge status: 'Patient Expired')</title>
                                 <statusCode code="completed"/>
                                 <sourceOf typeCode="REFR">
                                    <observation classCode="OBS" moodCode="EVN" isCriterionInd="true">
                                       <templateId root="2.16.840.1.113883.3.560.1.1003.2"/>
                                       <code code="309039003" codeSystem="2.16.840.1.113883.6.96" displayName="discharge status" codeSystemName="SNOMED-CT"/>
                                       <value xsi:type="CD" code="2.16.840.1.113883.3.117.1.7.1.309" codeSystem="2.16.840.1.113883.3.560.101.1" displayName="Patient Expired"/>
                                    </observation>
                                 </sourceOf>
                              </encounter>
                           </sourceOf>
                        </act>
                     </sourceOf>
                     <sourceOf typeCode="PRCN">
                        <conjunctionCode code="OR"/>
                        <act classCode="ACT" moodCode="EVN" isCriterionInd="true"><!-- Encounter, Performed pattern -->
                           <templateId root="2.16.840.1.113883.3.560.1.79"/>
                           <id root="c8d4a8ab-005d-426e-b1ba-4ce8601356a8"/>
                           <code code="46240-8" codeSystem="2.16.840.1.113883.6.1" displayName="Encounter list"/>
                           <sourceOf typeCode="COMP">
                              <encounter classCode="ENC" moodCode="EVN" isCriterionInd="true">
                                 <code code="2.16.840.1.113883.3.117.1.7.1.23" displayName="Inpatient Encounter SNOMED-CT Value Set" codeSystem="2.16.840.1.113883.3.560.101.1"/>
                                 <title>Occurrence A of Encounter, Performed: Inpatient Encounter (discharge status: 'Discharge To Another Hospital')</title>
                                 <statusCode code="completed"/>
                                 <sourceOf typeCode="REFR">
                                    <observation classCode="OBS" moodCode="EVN" isCriterionInd="true">
                                       <templateId root="2.16.840.1.113883.3.560.1.1003.2"/>
                                       <code code="309039003" codeSystem="2.16.840.1.113883.6.96" displayName="discharge status" codeSystemName="SNOMED-CT"/>
                                       <value xsi:type="CD" code="2.16.840.1.113883.3.117.1.7.1.87" codeSystem="2.16.840.1.113883.3.560.101.1" displayName="Discharge To Another Hospital"/>
                                    </observation>
                                 </sourceOf>
                              </encounter>
                           </sourceOf>
                        </act>
                     </sourceOf>
                  </act>
               </sourceOf>
            </observation>
         </entry><!--
            **************************************************************   
            Population Criteria Section: numerator 
            **************************************************************
      -->
         <entry typeCode="DRIV">
            <observation classCode="OBS" moodCode="EVN" isCriterionInd="true">
               <id root="83077920-F251-4984-9D77-45373359FD07"/>
               <code code="ASSERTION" codeSystem="2.16.840.1.113883.5.4"/>
               <value xsi:type="CD" code="NUMER" codeSystem="2.16.840.1.113883.5.1063" codeSystemName="HL7 Observation Value" displayName="Numerator"/><!--  top and/or -->
               <sourceOf typeCode="PRCN">
                  <conjunctionCode code="AND"/>
                  <act classCode="ACT" moodCode="EVN" isCriterionInd="true">
                     <sourceOf typeCode="PRCN">
                        <conjunctionCode code="AND"/>
                        <act classCode="ACT" moodCode="EVN" isCriterionInd="true" actionNegationInd="true"><!-- Substance, Administered pattern -->
                           <templateId root="2.16.840.1.113883.3.560.1.64"/>
                           <id root="590505bc-2068-4c96-b81c-0b558d5c4e76"/>
                           <code code="11320-9" displayName="Feeding and dietary status" codeSystem="2.16.840.1.113883.6.1"/>
                           <sourceOf typeCode="COMP">
                              <substanceAdministration classCode="SBADM" moodCode="EVN" isCriterionInd="true">
                                 <title>Substance, Administered: Dietary Intake Other than Breast Milk</title>
                                 <participant typeCode="CSM">
                                    <roleParticipant classCode="MANU">
                                       <playingMaterial classCode="MMAT" determinerCode="KIND">
                                          <code code="2.16.840.1.113883.3.117.1.7.1.27" displayName="Dietary Intake Other than Breast Milk SNOMED-CT Value Set" codeSystem="2.16.840.1.113883.3.560.101.1"/>
                                       </playingMaterial>
                                    </roleParticipant>
                                 </participant>
                              </substanceAdministration>
                           </sourceOf>
                        </act>
                     </sourceOf>
                     <sourceOf typeCode="PRCN">
                        <conjunctionCode code="AND"/>
                        <act classCode="ACT" moodCode="EVN" isCriterionInd="true"><!-- Substance, Administered pattern -->
                           <templateId root="2.16.840.1.113883.3.560.1.64"/>
                           <id root="9e362843-74c0-4f9f-ab40-dea9c6b8a78b"/>
                           <code code="11320-9" displayName="Feeding and dietary status" codeSystem="2.16.840.1.113883.6.1"/>
                           <sourceOf typeCode="COMP">
                              <substanceAdministration classCode="SBADM" moodCode="EVN" isCriterionInd="true">
                                 <title>Substance, Administered: Breast Milk</title>
                                 <participant typeCode="CSM">
                                    <roleParticipant classCode="MANU">
                                       <playingMaterial classCode="MMAT" determinerCode="KIND">
                                          <code code="2.16.840.1.113883.3.117.1.7.1.30" displayName="Breast Milk SNOMED-CT Value Set" codeSystem="2.16.840.1.113883.3.560.101.1"/>
                                       </playingMaterial>
                                    </roleParticipant>
                                 </participant>
                              </substanceAdministration>
                           </sourceOf>
                        </act>
                     </sourceOf>
                     <sourceOf typeCode="DURING">
                        <act classCode="ACT" moodCode="EVN" isCriterionInd="true"><!-- Encounter, Performed pattern -->
                           <templateId root="2.16.840.1.113883.3.560.1.79"/>
                           <id root="c8d4a8ab-005d-426e-b1ba-4ce8601356a8"/>
                           <code code="46240-8" codeSystem="2.16.840.1.113883.6.1" displayName="Encounter list"/>
                           <sourceOf typeCode="COMP">
                              <encounter classCode="ENC" moodCode="EVN" isCriterionInd="true">
                                 <code code="2.16.840.1.113883.3.117.1.7.1.23" displayName="Inpatient Encounter SNOMED-CT Value Set" codeSystem="2.16.840.1.113883.3.560.101.1"/>
                                 <title>Occurrence A of Encounter, Performed: Inpatient Encounter</title>
                                 <statusCode code="completed"/>
                              </encounter>
                           </sourceOf>
                        </act>
                     </sourceOf>
                  </act>
               </sourceOf>
            </observation>
         </entry><!--
            **************************************************************   
            Population Criteria Section: denominator 
            **************************************************************
      -->
         <entry typeCode="DRIV">
            <observation classCode="OBS" moodCode="EVN" isCriterionInd="true">
               <id root="0F42D7F1-E6F3-48B7-89F9-BAB29C26BDCA"/>
               <code code="ASSERTION" codeSystem="2.16.840.1.113883.5.4"/>
               <value xsi:type="CD" code="DENOM" codeSystem="2.16.840.1.113883.5.1063" codeSystemName="HL7 Observation Value" displayName="Denominator"/><!--  top and/or -->
               <sourceOf typeCode="PRCN">
                  <conjunctionCode code="AND"/>
                  <observation classCode="OBS" moodCode="EVN" isCriterionInd="true">
                     <id root="76A6E46B-39BF-4377-B57F-BE68CEDE031D"/>
                     <title>Initial Patient Population</title>
                  </observation>
               </sourceOf>
            </observation>
         </entry><!--
            **************************************************************   
            Population Criteria Section: population 
            **************************************************************
      -->
         <entry typeCode="DRIV">
            <observation classCode="OBS" moodCode="EVN" isCriterionInd="true">
               <id root="76A6E46B-39BF-4377-B57F-BE68CEDE031D"/>
               <code code="ASSERTION" codeSystem="2.16.840.1.113883.5.4"/>
               <value xsi:type="CD" code="IPP" codeSystem="2.16.840.1.113883.5.1063" codeSystemName="HL7 Observation Value" displayName="Initial Patient Population"/><!--  top and/or -->
               <sourceOf typeCode="PRCN">
                  <conjunctionCode code="AND"/>
                  <act classCode="ACT" moodCode="EVN" isCriterionInd="true" actionNegationInd="true"><!-- Diagnosis, Active pattern -->
                     <templateId root="2.16.840.1.113883.3.560.1.2"/>
                     <id root="8b149db2-c73a-41af-956b-141ef98ba462"/>
                     <code code="11450-4" displayName="Problem" codeSystem="2.16.840.1.113883.6.1"/>
                     <sourceOf typeCode="COMP">
                        <observation classCode="OBS" moodCode="EVN" isCriterionInd="true">
                           <code code="55607006" codeSystem="2.16.840.1.113883.6.96" displayName="Problem"/>
                           <title>Diagnosis, Active: Galactosemia</title>
                           <value xsi:type="CD" code="2.16.840.1.113883.3.117.1.7.1.35" displayName="Galactosemia Grouping Value Set"/>
                           <sourceOf typeCode="REFR">
                              <observation classCode="OBS" moodCode="EVN" isCriterionInd="true">
                                 <code code="33999-4" codeSystem="2.16.840.1.113883.6.1" displayName="Status"/>
                                 <value xsi:type="CD" code="55561003" displayName="active" codeSystem="2.16.840.1.113883.6.96"/>
                              </observation>
                           </sourceOf>
                           <sourceOf typeCode="SDU">
                              <observation classCode="OBS" moodCode="EVN" isCriterionInd="true">
                                 <id root="c8d4a8ab-005d-426e-b1ba-4ce8601356a8"/>
                                 <title>Occurrence A of Encounter, Performed: Inpatient Encounter</title>
                              </observation>
                           </sourceOf>
                        </observation>
                     </sourceOf>
                  </act>
               </sourceOf>
               <sourceOf typeCode="PRCN">
                  <conjunctionCode code="AND"/>
                  <act classCode="ACT" moodCode="EVN" isCriterionInd="true" actionNegationInd="true"><!-- Procedure, Performed pattern -->
                     <templateId root="2.16.840.1.113883.3.560.1.6"/>
                     <id root="6f6e7cd1-9d8f-4cc8-be0d-642ae11fdffc"/>
                     <code code="47519-4" displayName="Procedures" codeSystem="2.16.840.1.113883.6.1"/>
                     <sourceOf typeCode="COMP">
                        <procedure classCode="PROC" moodCode="EVN" isCriterionInd="true">
                           <code code="2.16.840.1.113883.3.117.1.7.1.38" displayName="Parenteral Infusion Grouping Value Set" codeSystem="2.16.840.1.113883.3.560.101.1"/>
                           <title>Procedure, Performed: Parenteral Infusion</title>
                           <sourceOf typeCode="DURING">
                              <observation classCode="OBS" moodCode="EVN" isCriterionInd="true">
                                 <id root="c8d4a8ab-005d-426e-b1ba-4ce8601356a8"/>
                                 <title>Occurrence A of Encounter, Performed: Inpatient Encounter</title>
                              </observation>
                           </sourceOf>
                        </procedure>
                     </sourceOf>
                  </act>
               </sourceOf>
               <sourceOf typeCode="PRCN">
                  <conjunctionCode code="AND"/>
                  <act classCode="ACT" moodCode="EVN" isCriterionInd="true"><!-- Encounter, Performed pattern -->
                     <templateId root="2.16.840.1.113883.3.560.1.79"/>
                     <id root="c8d4a8ab-005d-426e-b1ba-4ce8601356a8"/>
                     <code code="46240-8" codeSystem="2.16.840.1.113883.6.1" displayName="Encounter list"/>
                     <sourceOf typeCode="COMP">
                        <encounter classCode="ENC" moodCode="EVN" isCriterionInd="true">
                           <code code="2.16.840.1.113883.3.117.1.7.1.23" displayName="Inpatient Encounter SNOMED-CT Value Set" codeSystem="2.16.840.1.113883.3.560.101.1"/>
                           <title>Occurrence A of Encounter, Performed: Inpatient Encounter (discharge datetime)</title>
                           <statusCode code="completed"/>
                           <sourceOf typeCode="REFR">
                              <observation classCode="OBS" moodCode="EVN" isCriterionInd="true">
                                 <templateId root="2.16.840.1.113883.3.560.1.1025.1"/>
                                 <code code="442864001" codeSystem="2.16.840.1.113883.6.96" displayName="discharge datetime" codeSystemName="SNOMED-CT"/>
                                 <value xsi:type="ANYNonNull"/>
                              </observation>
                           </sourceOf>
                           <sourceOf typeCode="DURING">
                              <observation classCode="OBS" moodCode="EVN" isCriterionInd="true">
                                 <id root="63127d2c-f202-4044-bee8-98da221faf25"/>
                                 <title>Measurement Period</title>
                              </observation>
                           </sourceOf>
                        </encounter>
                     </sourceOf>
                  </act>
               </sourceOf>
               <sourceOf typeCode="PRCN">
                  <conjunctionCode code="AND"/>
                  <act classCode="ACT" moodCode="EVN" isCriterionInd="true"><!-- Encounter, Performed pattern -->
                     <templateId root="2.16.840.1.113883.3.560.1.79"/>
                     <id root="c8d4a8ab-005d-426e-b1ba-4ce8601356a8"/>
                     <code code="46240-8" codeSystem="2.16.840.1.113883.6.1" displayName="Encounter list"/>
                     <sourceOf typeCode="COMP">
                        <encounter classCode="ENC" moodCode="EVN" isCriterionInd="true">
                           <code code="2.16.840.1.113883.3.117.1.7.1.23" displayName="Inpatient Encounter SNOMED-CT Value Set" codeSystem="2.16.840.1.113883.3.560.101.1"/>
                           <title>Occurrence A of Encounter, Performed: Inpatient Encounter (length of stay &lt;= 120  day(s))</title>
                           <statusCode code="completed"/>
                           <sourceOf typeCode="SUBJ">
                              <observation classCode="OBS" moodCode="EVN" isCriterionInd="true">
                                 <templateId root="2.16.840.1.113883.3.560.1.1029.3"/>
                                 <code code="183797002" codeSystem="2.16.840.1.113883.6.96" displayName="length of stay" codeSystemName="SNOMED-CT"/>
                                 <value xsi:type="IVL_PQ">
                                    <high value="120" unit="d" inclusive="true"/>
                                 </value>
                              </observation>
                           </sourceOf>
                        </encounter>
                     </sourceOf>
                  </act>
               </sourceOf>
               <sourceOf typeCode="PRCN">
                  <conjunctionCode code="AND"/>
                  <act classCode="ACT" moodCode="EVN" isCriterionInd="true"><!-- Diagnosis, Active pattern -->
                     <templateId root="2.16.840.1.113883.3.560.1.2"/>
                     <id root="244a68eb-9421-4e95-aeeb-5cb2630243cf"/>
                     <code code="11450-4" displayName="Problem" codeSystem="2.16.840.1.113883.6.1"/>
                     <sourceOf typeCode="COMP">
                        <observation classCode="OBS" moodCode="EVN" isCriterionInd="true">
                           <code code="55607006" codeSystem="2.16.840.1.113883.6.96" displayName="Problem"/>
                           <title>Diagnosis, Active: Gestational age &gt;= 37 weeks</title>
                           <value xsi:type="CD" code="2.16.840.1.113883.3.666.5.1596" displayName="Gestational age &gt;= 37 weeks Grouping Value Set"/>
                           <sourceOf typeCode="REFR">
                              <observation classCode="OBS" moodCode="EVN" isCriterionInd="true">
                                 <code code="33999-4" codeSystem="2.16.840.1.113883.6.1" displayName="Status"/>
                                 <value xsi:type="CD" code="55561003" displayName="active" codeSystem="2.16.840.1.113883.6.96"/>
                              </observation>
                           </sourceOf>
                           <sourceOf typeCode="SDU">
                              <observation classCode="OBS" moodCode="EVN" isCriterionInd="true">
                                 <id root="c8d4a8ab-005d-426e-b1ba-4ce8601356a8"/>
                                 <title>Occurrence A of Encounter, Performed: Inpatient Encounter</title>
                              </observation>
                           </sourceOf>
                        </observation>
                     </sourceOf>
                  </act>
               </sourceOf>
               <sourceOf typeCode="PRCN">
                  <conjunctionCode code="AND"/>
                  <act classCode="ACT" moodCode="EVN" isCriterionInd="true">
                     <sourceOf typeCode="PRCN">
                        <conjunctionCode code="OR"/>
                        <act classCode="ACT" moodCode="EVN" isCriterionInd="true"><!-- Diagnosis, Active pattern -->
                           <templateId root="2.16.840.1.113883.3.560.1.2"/>
                           <id root="eb6ead47-50be-466a-ba7e-83aeed7fefda"/>
                           <code code="11450-4" displayName="Problem" codeSystem="2.16.840.1.113883.6.1"/>
                           <sourceOf typeCode="COMP">
                              <observation classCode="OBS" moodCode="EVN" isCriterionInd="true">
                                 <code code="55607006" codeSystem="2.16.840.1.113883.6.96" displayName="Problem"/>
                                 <title>Diagnosis, Active: Single Liveborn Newborn Born in Hospital</title>
                                 <value xsi:type="CD" code="2.16.840.1.113883.3.117.1.7.1.26" displayName="Single Liveborn Newborn Born in Hospital Grouping Value Set"/>
                                 <sourceOf typeCode="REFR">
                                    <observation classCode="OBS" moodCode="EVN" isCriterionInd="true">
                                       <code code="33999-4" codeSystem="2.16.840.1.113883.6.1" displayName="Status"/>
                                       <value xsi:type="CD" code="55561003" displayName="active" codeSystem="2.16.840.1.113883.6.96"/>
                                    </observation>
                                 </sourceOf>
                                 <sourceOf typeCode="SDU">
                                    <observation classCode="OBS" moodCode="EVN" isCriterionInd="true">
                                       <id root="c8d4a8ab-005d-426e-b1ba-4ce8601356a8"/>
                                       <title>Occurrence A of Encounter, Performed: Inpatient Encounter</title>
                                    </observation>
                                 </sourceOf>
                              </observation>
                           </sourceOf>
                        </act>
                     </sourceOf>
                     <sourceOf typeCode="PRCN">
                        <conjunctionCode code="OR"/>
                        <act classCode="ACT" moodCode="EVN" isCriterionInd="true">
                           <sourceOf typeCode="PRCN">
                              <conjunctionCode code="AND"/>
                              <act classCode="ACT" moodCode="EVN" isCriterionInd="true"><!-- Diagnosis, Active pattern -->
                                 <templateId root="2.16.840.1.113883.3.560.1.2"/>
                                 <id root="548f00a6-d157-4e77-95d9-a314e4a7691c"/>
                                 <code code="11450-4" displayName="Problem" codeSystem="2.16.840.1.113883.6.1"/>
                                 <sourceOf typeCode="COMP">
                                    <observation classCode="OBS" moodCode="EVN" isCriterionInd="true">
                                       <code code="55607006" codeSystem="2.16.840.1.113883.6.96" displayName="Problem"/>
                                       <title>Diagnosis, Active: Single Live Birth</title>
                                       <value xsi:type="CD" code="2.16.840.1.113883.3.117.1.7.1.25" displayName="Single Live Birth SNOMED-CT Value Set"/>
                                       <sourceOf typeCode="REFR">
                                          <observation classCode="OBS" moodCode="EVN" isCriterionInd="true">
                                             <code code="33999-4" codeSystem="2.16.840.1.113883.6.1" displayName="Status"/>
                                             <value xsi:type="CD" code="55561003" displayName="active" codeSystem="2.16.840.1.113883.6.96"/>
                                          </observation>
                                       </sourceOf>
                                       <sourceOf typeCode="SDU">
                                          <observation classCode="OBS" moodCode="EVN" isCriterionInd="true">
                                             <id root="c8d4a8ab-005d-426e-b1ba-4ce8601356a8"/>
                                             <title>Occurrence A of Encounter, Performed: Inpatient Encounter</title>
                                          </observation>
                                       </sourceOf>
                                    </observation>
                                 </sourceOf>
                              </act>
                           </sourceOf>
                           <sourceOf typeCode="PRCN">
                              <conjunctionCode code="AND"/>
                              <act classCode="ACT" moodCode="EVN" isCriterionInd="true"><!-- Diagnosis, Active pattern -->
                                 <templateId root="2.16.840.1.113883.3.560.1.2"/>
                                 <id root="65e47a19-2fed-46d9-a2ff-bf022f04c0e2"/>
                                 <code code="11450-4" displayName="Problem" codeSystem="2.16.840.1.113883.6.1"/>
                                 <sourceOf typeCode="COMP">
                                    <observation classCode="OBS" moodCode="EVN" isCriterionInd="true">
                                       <code code="55607006" codeSystem="2.16.840.1.113883.6.96" displayName="Problem"/>
                                       <title>Diagnosis, Active: Liveborn Born In Hospital</title>
                                       <value xsi:type="CD" code="2.16.840.1.113883.3.117.1.7.1.29" displayName="Liveborn Born In Hospital SNOMED-CT Value Set"/>
                                       <sourceOf typeCode="REFR">
                                          <observation classCode="OBS" moodCode="EVN" isCriterionInd="true">
                                             <code code="33999-4" codeSystem="2.16.840.1.113883.6.1" displayName="Status"/>
                                             <value xsi:type="CD" code="55561003" displayName="active" codeSystem="2.16.840.1.113883.6.96"/>
                                          </observation>
                                       </sourceOf>
                                       <sourceOf typeCode="SDU">
                                          <observation classCode="OBS" moodCode="EVN" isCriterionInd="true">
                                             <id root="c8d4a8ab-005d-426e-b1ba-4ce8601356a8"/>
                                             <title>Occurrence A of Encounter, Performed: Inpatient Encounter</title>
                                          </observation>
                                       </sourceOf>
                                    </observation>
                                 </sourceOf>
                              </act>
                           </sourceOf>
                           <sourceOf typeCode="PRCN">
                              <conjunctionCode code="AND"/>
                              <act classCode="ACT" moodCode="EVN" isCriterionInd="true"><!-- Encounter, Performed pattern -->
                                 <templateId root="2.16.840.1.113883.3.560.1.79"/>
                                 <id root="c8d4a8ab-005d-426e-b1ba-4ce8601356a8"/>
                                 <code code="46240-8" codeSystem="2.16.840.1.113883.6.1" displayName="Encounter list"/>
                                 <sourceOf typeCode="COMP">
                                    <encounter classCode="ENC" moodCode="EVN" isCriterionInd="true">
                                       <code code="2.16.840.1.113883.3.117.1.7.1.23" displayName="Inpatient Encounter SNOMED-CT Value Set" codeSystem="2.16.840.1.113883.3.560.101.1"/>
                                       <title>Occurrence A of Encounter, Performed: Inpatient Encounter (reason: 'Birth')</title>
                                       <statusCode code="completed"/>
                                       <sourceOf typeCode="REFR">
                                          <observation classCode="OBS" moodCode="EVN" isCriterionInd="true">
                                             <templateId root="2.16.840.1.113883.3.560.1.1017.2"/>
                                             <code code="410666004" codeSystem="2.16.840.1.113883.6.96" displayName="reason" codeSystemName="SNOMED-CT"/>
                                             <value xsi:type="CD" code="2.16.840.1.113883.3.117.1.7.1.70" codeSystem="2.16.840.1.113883.3.560.101.1" displayName="Birth"/>
                                          </observation>
                                       </sourceOf>
                                    </encounter>
                                 </sourceOf>
                              </act>
                           </sourceOf>
                        </act>
                     </sourceOf>
                  </act>
               </sourceOf>
            </observation>
         </entry>
      </section>
   </component>
         
      <!--
         ******************************************   
         Data Criteria Section
         ******************************************
      --><component typeCode="COMP">
      <section>
         <code code="57025-9" codeSystem="2.16.840.1.113883.6.1" displayName="Data criteria (QDM Data Elements)"/>
         <title>Data criteria (QDM Data Elements)</title>
         <text>
            <list>
               <item>
                  <content>"Diagnosis, Active: Galactosemia"</content> using "Galactosemia Grouping Value Set (2.16.840.1.113883.3.117.1.7.1.35)"</item>
               <item>
                  <content>"Diagnosis, Active: Gestational age &gt;= 37 weeks"</content> using "Gestational age &gt;= 37 weeks Grouping Value Set (2.16.840.1.113883.3.666.5.1596)"</item>
               <item>
                  <content>"Diagnosis, Active: Liveborn Born In Hospital"</content> using "Liveborn Born In Hospital SNOMED-CT Value Set (2.16.840.1.113883.3.117.1.7.1.29)"</item>
               <item>
                  <content>"Diagnosis, Active: Single Live Birth"</content> using "Single Live Birth SNOMED-CT Value Set (2.16.840.1.113883.3.117.1.7.1.25)"</item>
               <item>
                  <content>"Diagnosis, Active: Single Liveborn Newborn Born in Hospital"</content> using "Single Liveborn Newborn Born in Hospital Grouping Value Set (2.16.840.1.113883.3.117.1.7.1.26)"</item>
               <item>
                  <content>"Encounter, Performed: Inpatient Encounter"</content> using "Inpatient Encounter SNOMED-CT Value Set (2.16.840.1.113883.3.117.1.7.1.23)"</item>
               <item>
                  <content>"Procedure, Performed: Parenteral Infusion"</content> using "Parenteral Infusion Grouping Value Set (2.16.840.1.113883.3.117.1.7.1.38)"</item>
               <item>
                  <content>"Substance, Administered: Breast Milk"</content> using "Breast Milk SNOMED-CT Value Set (2.16.840.1.113883.3.117.1.7.1.30)"</item>
               <item>
                  <content>"Substance, Administered: Dietary Intake Other than Breast Milk"</content> using "Dietary Intake Other than Breast Milk SNOMED-CT Value Set (2.16.840.1.113883.3.117.1.7.1.27)"</item>
               <item>
                  <content>"Substance, Administered not done: Maternal Reason"</content> using "Maternal Reason SNOMED-CT Value Set (2.16.840.1.113883.3.117.1.7.1.84)"</item>
               <item>
                  <content>Attribute: "Reason: Birth"</content> using "Birth SNOMED-CT Value Set  (2.16.840.1.113883.3.117.1.7.1.70)"</item>
               <item>
                  <content>Attribute: "Facility location: Neonatal Intensive Care Unit (NICU)"</content> using "Neonatal Intensive Care Unit (NICU) SNOMED-CT Value Set  (2.16.840.1.113883.3.117.1.7.1.75)"</item>
               <item>
                  <content>Attribute: "Discharge status: Patient Expired"</content> using "Patient Expired SNOMED-CT Value Set  (2.16.840.1.113883.3.117.1.7.1.309)"</item>
               <item>
                  <content>Attribute: "Discharge status: Discharge To Another Hospital"</content> using "Discharge To Another Hospital SNOMED-CT Value Set  (2.16.840.1.113883.3.117.1.7.1.87)"</item>
            </list>
         </text>
         <entry typeCode="DRIV">
            <act classCode="ACT" moodCode="EVN" isCriterionInd="true"><!-- Diagnosis, Active pattern -->
               <templateId root="2.16.840.1.113883.3.560.1.2"/>
               <id root="eb6ead47-50be-466a-ba7e-83aeed7fefda"/>
               <code code="11450-4" displayName="Problem" codeSystem="2.16.840.1.113883.6.1"/>
               <sourceOf typeCode="COMP">
                  <observation classCode="OBS" moodCode="EVN" isCriterionInd="true">
                     <code code="55607006" codeSystem="2.16.840.1.113883.6.96" displayName="Problem"/>
                     <title>Diagnosis, Active: Single Liveborn Newborn Born in Hospital</title>
                     <value xsi:type="CD" code="2.16.840.1.113883.3.117.1.7.1.26" displayName="Single Liveborn Newborn Born in Hospital Grouping Value Set"/>
                     <sourceOf typeCode="REFR">
                        <observation classCode="OBS" moodCode="EVN" isCriterionInd="true">
                           <code code="33999-4" codeSystem="2.16.840.1.113883.6.1" displayName="Status"/>
                           <value xsi:type="CD" code="55561003" displayName="active" codeSystem="2.16.840.1.113883.6.96"/>
                        </observation>
                     </sourceOf>
                  </observation>
               </sourceOf>
            </act>
         </entry>
         <entry typeCode="DRIV">
            <act classCode="ACT" moodCode="EVN" isCriterionInd="true"><!-- Diagnosis, Active pattern -->
               <templateId root="2.16.840.1.113883.3.560.1.2"/>
               <id root="65e47a19-2fed-46d9-a2ff-bf022f04c0e2"/>
               <code code="11450-4" displayName="Problem" codeSystem="2.16.840.1.113883.6.1"/>
               <sourceOf typeCode="COMP">
                  <observation classCode="OBS" moodCode="EVN" isCriterionInd="true">
                     <code code="55607006" codeSystem="2.16.840.1.113883.6.96" displayName="Problem"/>
                     <title>Diagnosis, Active: Liveborn Born In Hospital</title>
                     <value xsi:type="CD" code="2.16.840.1.113883.3.117.1.7.1.29" displayName="Liveborn Born In Hospital SNOMED-CT Value Set"/>
                     <sourceOf typeCode="REFR">
                        <observation classCode="OBS" moodCode="EVN" isCriterionInd="true">
                           <code code="33999-4" codeSystem="2.16.840.1.113883.6.1" displayName="Status"/>
                           <value xsi:type="CD" code="55561003" displayName="active" codeSystem="2.16.840.1.113883.6.96"/>
                        </observation>
                     </sourceOf>
                  </observation>
               </sourceOf>
            </act>
         </entry>
         <entry typeCode="DRIV">
            <act classCode="ACT" moodCode="EVN" isCriterionInd="true"><!-- Substance, Administered pattern -->
               <templateId root="2.16.840.1.113883.3.560.1.64"/>
               <id root="9e362843-74c0-4f9f-ab40-dea9c6b8a78b"/>
               <code code="11320-9" displayName="Feeding and dietary status" codeSystem="2.16.840.1.113883.6.1"/>
               <sourceOf typeCode="COMP">
                  <substanceAdministration classCode="SBADM" moodCode="EVN" isCriterionInd="true">
                     <title>Substance, Administered: Breast Milk</title>
                     <participant typeCode="CSM">
                        <roleParticipant classCode="MANU">
                           <playingMaterial classCode="MMAT" determinerCode="KIND">
                              <code code="2.16.840.1.113883.3.117.1.7.1.30" displayName="Breast Milk SNOMED-CT Value Set" codeSystem="2.16.840.1.113883.3.560.101.1"/>
                           </playingMaterial>
                        </roleParticipant>
                     </participant>
                  </substanceAdministration>
               </sourceOf>
            </act>
         </entry>
         <entry typeCode="DRIV">
            <act classCode="ACT" moodCode="EVN" isCriterionInd="true"><!-- Diagnosis, Active pattern -->
               <templateId root="2.16.840.1.113883.3.560.1.2"/>
               <id root="8b149db2-c73a-41af-956b-141ef98ba462"/>
               <code code="11450-4" displayName="Problem" codeSystem="2.16.840.1.113883.6.1"/>
               <sourceOf typeCode="COMP">
                  <observation classCode="OBS" moodCode="EVN" isCriterionInd="true">
                     <code code="55607006" codeSystem="2.16.840.1.113883.6.96" displayName="Problem"/>
                     <title>Diagnosis, Active: Galactosemia</title>
                     <value xsi:type="CD" code="2.16.840.1.113883.3.117.1.7.1.35" displayName="Galactosemia Grouping Value Set"/>
                     <sourceOf typeCode="REFR">
                        <observation classCode="OBS" moodCode="EVN" isCriterionInd="true">
                           <code code="33999-4" codeSystem="2.16.840.1.113883.6.1" displayName="Status"/>
                           <value xsi:type="CD" code="55561003" displayName="active" codeSystem="2.16.840.1.113883.6.96"/>
                        </observation>
                     </sourceOf>
                  </observation>
               </sourceOf>
            </act>
         </entry>
         <entry typeCode="DRIV">
            <act classCode="ACT" moodCode="EVN" isCriterionInd="true"><!-- Procedure, Performed pattern -->
               <templateId root="2.16.840.1.113883.3.560.1.6"/>
               <id root="6f6e7cd1-9d8f-4cc8-be0d-642ae11fdffc"/>
               <code code="47519-4" displayName="Procedures" codeSystem="2.16.840.1.113883.6.1"/>
               <sourceOf typeCode="COMP">
                  <procedure classCode="PROC" moodCode="EVN" isCriterionInd="true">
                     <code code="2.16.840.1.113883.3.117.1.7.1.38" displayName="Parenteral Infusion Grouping Value Set" codeSystem="2.16.840.1.113883.3.560.101.1"/>
                     <title>Procedure, Performed: Parenteral Infusion</title>
                  </procedure>
               </sourceOf>
            </act>
         </entry>
         <entry typeCode="DRIV">
            <act classCode="ACT" moodCode="EVN" isCriterionInd="true"><!-- Encounter, Performed pattern -->
               <templateId root="2.16.840.1.113883.3.560.1.79"/>
               <id root="ac8bb8f7-f11a-45b8-9fae-ccc91b94eee1"/>
               <code code="46240-8" codeSystem="2.16.840.1.113883.6.1" displayName="Encounter list"/>
               <sourceOf typeCode="COMP">
                  <encounter classCode="ENC" moodCode="EVN" isCriterionInd="true">
                     <code code="2.16.840.1.113883.3.117.1.7.1.23" displayName="Inpatient Encounter SNOMED-CT Value Set" codeSystem="2.16.840.1.113883.3.560.101.1"/>
                     <title>Encounter, Performed: Inpatient Encounter</title>
                     <statusCode code="completed"/>
                  </encounter>
               </sourceOf>
            </act>
         </entry>
         <entry typeCode="DRIV">
            <act classCode="ACT" moodCode="EVN" isCriterionInd="true"><!-- Substance, Administered pattern -->
               <templateId root="2.16.840.1.113883.3.560.1.64"/>
               <id root="590505bc-2068-4c96-b81c-0b558d5c4e76"/>
               <code code="11320-9" displayName="Feeding and dietary status" codeSystem="2.16.840.1.113883.6.1"/>
               <sourceOf typeCode="COMP">
                  <substanceAdministration classCode="SBADM" moodCode="EVN" isCriterionInd="true">
                     <title>Substance, Administered: Dietary Intake Other than Breast Milk</title>
                     <participant typeCode="CSM">
                        <roleParticipant classCode="MANU">
                           <playingMaterial classCode="MMAT" determinerCode="KIND">
                              <code code="2.16.840.1.113883.3.117.1.7.1.27" displayName="Dietary Intake Other than Breast Milk SNOMED-CT Value Set" codeSystem="2.16.840.1.113883.3.560.101.1"/>
                           </playingMaterial>
                        </roleParticipant>
                     </participant>
                  </substanceAdministration>
               </sourceOf>
            </act>
         </entry>
         <entry typeCode="DRIV">
            <act classCode="ACT" moodCode="EVN" isCriterionInd="true"><!-- Diagnosis, Active pattern -->
               <templateId root="2.16.840.1.113883.3.560.1.2"/>
               <id root="548f00a6-d157-4e77-95d9-a314e4a7691c"/>
               <code code="11450-4" displayName="Problem" codeSystem="2.16.840.1.113883.6.1"/>
               <sourceOf typeCode="COMP">
                  <observation classCode="OBS" moodCode="EVN" isCriterionInd="true">
                     <code code="55607006" codeSystem="2.16.840.1.113883.6.96" displayName="Problem"/>
                     <title>Diagnosis, Active: Single Live Birth</title>
                     <value xsi:type="CD" code="2.16.840.1.113883.3.117.1.7.1.25" displayName="Single Live Birth SNOMED-CT Value Set"/>
                     <sourceOf typeCode="REFR">
                        <observation classCode="OBS" moodCode="EVN" isCriterionInd="true">
                           <code code="33999-4" codeSystem="2.16.840.1.113883.6.1" displayName="Status"/>
                           <value xsi:type="CD" code="55561003" displayName="active" codeSystem="2.16.840.1.113883.6.96"/>
                        </observation>
                     </sourceOf>
                  </observation>
               </sourceOf>
            </act>
         </entry>
         <entry typeCode="DRIV">
            <act classCode="ACT" moodCode="EVN" isCriterionInd="true"><!-- Diagnosis, Active pattern -->
               <templateId root="2.16.840.1.113883.3.560.1.2"/>
               <id root="244a68eb-9421-4e95-aeeb-5cb2630243cf"/>
               <code code="11450-4" displayName="Problem" codeSystem="2.16.840.1.113883.6.1"/>
               <sourceOf typeCode="COMP">
                  <observation classCode="OBS" moodCode="EVN" isCriterionInd="true">
                     <code code="55607006" codeSystem="2.16.840.1.113883.6.96" displayName="Problem"/>
                     <title>Diagnosis, Active: Gestational age &gt;= 37 weeks</title>
                     <value xsi:type="CD" code="2.16.840.1.113883.3.666.5.1596" displayName="Gestational age &gt;= 37 weeks Grouping Value Set"/>
                     <sourceOf typeCode="REFR">
                        <observation classCode="OBS" moodCode="EVN" isCriterionInd="true">
                           <code code="33999-4" codeSystem="2.16.840.1.113883.6.1" displayName="Status"/>
                           <value xsi:type="CD" code="55561003" displayName="active" codeSystem="2.16.840.1.113883.6.96"/>
                        </observation>
                     </sourceOf>
                  </observation>
               </sourceOf>
            </act>
         </entry>
         <entry typeCode="DRIV">
            <act classCode="ACT" moodCode="EVN" isCriterionInd="true"><!-- Substance, Administered not done pattern -->
               <templateId root="2.16.840.1.113883.3.560.1.164"/>
               <id root="aa02e1a7-7874-4726-9899-f297a6890ab2"/>
               <code code="11320-9" displayName="Feeding and dietary status" codeSystem="2.16.840.1.113883.6.1"/>
               <sourceOf typeCode="COMP">
                  <substanceAdministration classCode="SBADM" moodCode="EVN" isCriterionInd="true">
                     <title>Substance, Administered not done: Maternal Reason</title>
                     <participant typeCode="CSM">
                        <roleParticipant classCode="MANU">
                           <playingMaterial classCode="MMAT" determinerCode="KIND">
                              <code code="2.16.840.1.113883.3.117.1.7.1.84" displayName="Maternal Reason SNOMED-CT Value Set" codeSystem="2.16.840.1.113883.3.560.101.1"/>
                           </playingMaterial>
                        </roleParticipant>
                     </participant>
                  </substanceAdministration>
               </sourceOf>
            </act>
         </entry>
         <entry typeCode="COMP">
            <observation classCode="OBS" moodCode="DEF">
               <templateId root="2.16.840.1.113883.3.560.1.79"/>
               <id root="c8d4a8ab-005d-426e-b1ba-4ce8601356a8"/>
               <sourceOf typeCode="DRIV">
                  <localVariableName>Inpatient Encounter</localVariableName>
                  <observation classCode="OBS" moodCode="EVN" isCriterionInd="true">
                     <id root="ac8bb8f7-f11a-45b8-9fae-ccc91b94eee1"/>
                  </observation>
               </sourceOf>
            </observation>
         </entry>
      </section>
   </component>
            
         <!--
            **************************************************************   
            Stratification Section
            **************************************************************
         --><component typeCode="COMP">
      <section>
         <code code="69669-0" codeSystem="2.16.840.1.113883.6.1" displayName="Population stratification description"/>
         <title>Reporting Stratification</title>
         <text>
            <list>
               <item>None</item>
            </list>
         </text>
      </section>
   </component>
         
      <!--
         ******************************************   
         Supplemental Data Elements Section
         ******************************************
      --><component typeCode="COMP">
      <section>
         <code code="69670-8" codeSystem="2.16.840.1.113883.6.1" displayName="Supplemental Data Elements"/>
         <title>Supplemental Data Elements</title>
         <text>
            <list>
               <item>
                  <content>"Patient Characteristic Ethnicity: Ethnicity"</content> using "Ethnicity CDC Value Set (2.16.840.1.114222.4.11.837)"</item>
               <item>
                  <content>"Patient Characteristic Payer: Payer"</content> using "Payer Source of Payment Typology Value Set (2.16.840.1.114222.4.11.3591)"</item>
               <item>
                  <content>"Patient Characteristic Race: Race"</content> using "Race CDC Value Set (2.16.840.1.114222.4.11.836)"</item>
               <item>
                  <content>"Patient Characteristic Sex: ONC Administrative Sex"</content> using "ONC Administrative Sex Administrative Sex Value Set (2.16.840.1.113762.1.4.1)"</item>
            </list>
         </text>
         <entry typeCode="DRIV">
            <act classCode="ACT" moodCode="EVN" isCriterionInd="true"><!-- Patient Characteristic Sex pattern -->
               <templateId root="2.16.840.1.113883.3.560.1.402"/>
               <id root="1d417e99-b096-4819-8c68-fa769b210f83"/>
               <code code="45970-1" displayName="Demographics" codeSystem="2.16.840.1.113883.6.1"/>
               <sourceOf typeCode="COMP">
                  <observation classCode="OBS" moodCode="EVN" isCriterionInd="true">
                     <code code="263495000" codeSystem="2.16.840.1.113883.6.96" displayName="Sex"/>
                     <title>Patient Characteristic Sex: ONC Administrative Sex</title>
                     <value xsi:type="CD" code="2.16.840.1.113762.1.4.1" codeSystem="2.16.840.1.113883.3.560.101.1" displayName="ONC Administrative Sex Administrative Sex Value Set"/>
                  </observation>
               </sourceOf>
            </act>
         </entry>
         <entry typeCode="DRIV">
            <act classCode="ACT" moodCode="EVN" isCriterionInd="true"><!-- Patient Characteristic Race pattern -->
               <templateId root="2.16.840.1.113883.3.560.1.406"/>
               <id root="89ba9c30-eea9-4cb1-a0fa-3b528fdea15d"/>
               <code code="45970-1" displayName="Demographics" codeSystem="2.16.840.1.113883.6.1"/>
               <sourceOf typeCode="COMP">
                  <observation classCode="OBS" moodCode="EVN" isCriterionInd="true">
                     <code code="32624-9" codeSystem="2.16.840.1.113883.6.1" displayName="Race"/>
                     <title>Patient Characteristic Race: Race</title>
                     <value xsi:type="CD" code="2.16.840.1.114222.4.11.836" codeSystem="2.16.840.1.113883.3.560.101.1" displayName="Race CDC Value Set"/>
                  </observation>
               </sourceOf>
            </act>
         </entry>
         <entry typeCode="DRIV">
            <act classCode="ACT" moodCode="EVN" isCriterionInd="true"><!-- Patient Characteristic Ethnicity pattern -->
               <templateId root="2.16.840.1.113883.3.560.1.403"/>
               <id root="09d72185-1d62-450a-a315-818e3e6ecfc7"/>
               <code code="45970-1" displayName="Demographics" codeSystem="2.16.840.1.113883.6.1"/>
               <sourceOf typeCode="COMP">
                  <observation classCode="OBS" moodCode="EVN" isCriterionInd="true">
                     <code code="54133-4" codeSystem="2.16.840.1.113883.6.1" displayName="Ethnicity"/>
                     <title>Patient Characteristic Ethnicity: Ethnicity</title>
                     <value xsi:type="CD" code="2.16.840.1.114222.4.11.837" codeSystem="2.16.840.1.113883.3.560.101.1" displayName="Ethnicity CDC Value Set"/>
                  </observation>
               </sourceOf>
            </act>
         </entry>
         <entry typeCode="DRIV">
            <act classCode="ACT" moodCode="EVN" isCriterionInd="true"><!-- Patient Characteristic Payer pattern -->
               <templateId root="2.16.840.1.113883.3.560.1.405"/>
               <id root="94da5a63-7f95-42fc-b2d6-3af4524dbd21"/>
               <code code="45970-1" displayName="Demographics" codeSystem="2.16.840.1.113883.6.1"/>
               <sourceOf typeCode="COMP">
                  <observation classCode="OBS" moodCode="EVN" isCriterionInd="true">
                     <code code="48768-6" codeSystem="2.16.840.1.113883.6.1" displayName="Payer"/>
                     <title>Patient Characteristic Payer: Payer</title>
                     <value xsi:type="CD" code="2.16.840.1.114222.4.11.3591" codeSystem="2.16.840.1.113883.3.560.101.1" displayName="Payer Source of Payment Typology Value Set"/>
                  </observation>
               </sourceOf>
            </act>
         </entry>
      </section>
   </component>
</QualityMeasureDocument>