<?xml version="1.0" encoding="utf-8" standalone="no"?>
<?xml-stylesheet type="text/xsl" href="cda.xsl"?><!--
Date: October 31, 2012
Disclaimer: These QRDA sample files are designed to provide a file that is valid for errors against the CDA.sdtc schema and QRDA schematron using hypothetical patient data; however, the content of the QRDA sample 
documents may not have "clinically" consistent data.  Additionally, the files are valid against the referenced eMeasure to provide a general idea about the content and structure of a QDM-based QRDA. When eMeasure data 
criteria are “or”, the QRDA documents may not have all of the Quality Data Elements data criteria specified in the eMeasure. These expected errors are listed in the file where they occur. In the Patient Data Section, the 
narrative block may not consistently agree with the entries.  The narrative block does not reflect the dates/times present in the clinical statements.
-->
<ClinicalDocument xmlns="urn:hl7-org:v3" xmlns:sdtc="urn:hl7-org:sdtc" xmlns:voc="urn:hl7-org:v3/voc" xmlns:xsi="http://www.w3.org/2001/XMLSchema-instance">
  <!-- QRDA Header -->
  <realmCode code="US" />
  <typeId extension="POCD_HD000040" root="2.16.840.1.113883.1.3" />
  <!-- US Realm Header Template Id -->
  <templateId root="2.16.840.1.113883.10.20.22.1.1" />
  <!-- QRDA templateId -->
  <templateId root="2.16.840.1.113883.10.20.24.1.1" />
	<templateId root="2.16.840.1.113883.10.20.24.1.2" />
  <id root="f2d5f971-d67a-4456-8833-213f01331ca4" />
  <!-- QRDA document type code -->
  <code code="55182-0" codeSystem="2.16.840.1.113883.6.1" codeSystemName="LOINC" displayName="Quality Measure Report" />
  <title>QRDA Incidence Report</title>
  <effectiveTime value="201212310000-0400" />
  <confidentialityCode code="N" codeSystem="2.16.840.1.113883.5.25" />
  <languageCode code="en-US" />
  <setId extension="111199021" root="2.16.840.1.113883.19" />
  <!-- the original -->
  <versionNumber value="1" />
  <recordTarget>
    <patientRole>
      <id extension="12345" root="2.16.840.1.113883.4.572" />
      <addr use="HP">
        <!-- HP is "primary home" from codeSystem 2.16.840.1.113883.5.1119 -->
        <streetAddressLine>17 Daws Rd.</streetAddressLine>
        <city>Blue Bell</city>
        <state>MA</state>
        <postalCode>02368</postalCode>
        <country>US</country>
        <!-- US is "United States" from ISO 3166-1 Country Codes: 1.0.3166.1 -->
      </addr>
      <telecom use="HP" value="tel:(781)555-1212" />
      <!-- HP is "primary home" from AddressUse 2.16.840.1.113883.5.1119 -->
      <patient>
        <name use="L">
          <!-- L is "Legal" from EntityNameUse 2.16.840.1.113883.5.45 -->
          <prefix>Mr.</prefix>
          <given>Adam</given>
          <given qualifier="CL">Frankie</given>
          <!-- CL is "Call me" from EntityNamePartQualifier
               2.16.840.1.113883.5.43 -->
          <family>Everyman</family>
        </name>
        <administrativeGenderCode code="M" codeSystem="2.16.840.1.113883.5.1" displayName="Male" />
        <birthTime value="19541125" />
        <maritalStatusCode code="M" codeSystem="2.16.840.1.113883.5.2" codeSystemName="MaritalStatusCode" displayName="Married" />
        <religiousAffiliationCode code="1013" codeSystem="2.16.840.1.113883.5.1076" codeSystemName="Religious Affiliation " displayName="Christian (non-Catholic, non-specific)" />
        <raceCode code="2106-3" codeSystem="2.16.840.1.113883.6.238" codeSystemName="Race &amp; Ethnicity - CDC" displayName="White" />
        <ethnicGroupCode code="2186-5" codeSystem="2.16.840.1.113883.6.238" codeSystemName="Race &amp; Ethnicity - CDC" displayName="Not Hispanic or Latino" />
        <guardian>
          <code code="GRFTH" codeSystem="2.16.840.1.113883.5.111" codeSystemName="RoleCode" displayName="Grandfather" />
          <addr use="HP">
            <streetAddressLine>17 Daws Rd.</streetAddressLine>
            <city>Blue Bell</city>
            <state>MA</state>
            <postalCode>02368</postalCode>
            <country>US</country>
          </addr>
          <telecom use="HP" value="tel:(781)555-1212" />
          <guardianPerson>
            <name>
              <given>Ralph</given>
              <family>Relative</family>
            </name>
          </guardianPerson>
        </guardian>
        <birthplace>
          <place>
            <addr>
              <state>MA</state>
              <postalCode>02368</postalCode>
              <country>US</country>
            </addr>
          </place>
        </birthplace>
        <languageCommunication>
          <languageCode code="fr-CN" />
          <modeCode code="RWR" codeSystem="2.16.840.1.113883.5.60" codeSystemName="LanguageAbilityMode" displayName="Receive Written" />
          <preferenceInd value="true" />
        </languageCommunication>
      </patient>
      <providerOrganization>
        <id root="2.16.840.1.113883.19" />
        <name>Good Health Clinic</name>
        <telecom use="WP" value="tel:(781)555-1212" />
        <addr>
          <streetAddressLine>21 North Ave</streetAddressLine>
          <city>Burlington</city>
          <state>MA</state>
          <postalCode>02368</postalCode>
          <country>US</country>
        </addr>
      </providerOrganization>
    </patientRole>
  </recordTarget>

  <author>
    <time value="20050329224411+0500" />
    <assignedAuthor>
      <id nullFlavor="UNK" root="2.16.840.1.113883.4.6" />
      <addr>
        <streetAddressLine>21 North Ave.</streetAddressLine>
        <city>Burlington</city>
        <state>MA</state>
        <postalCode>02368</postalCode>
        <country>US</country>
      </addr>
      <telecom use="WP" value="tel:(555)555-1003" />
      <assignedAuthoringDevice>
        <manufacturerModelName>Good Health Medical Device</manufacturerModelName>
        <softwareName>Good Health Report Generator</softwareName>
      </assignedAuthoringDevice>
    </assignedAuthor>
  </author>

  <custodian>
    <assignedCustodian>
      <representedCustodianOrganization>
        <id root="2.16.840.1.113883.19.5" />
        <name>Good Health Clinic</name>
        <telecom use="WP" value="tel:(555)555-1212" />
        <addr use="WP">
          <streetAddressLine>17 Daws Rd.</streetAddressLine>
          <city>Blue Bell</city>
          <state>MA</state>
          <postalCode>02368</postalCode>
          <country>US</country>
        </addr>
      </representedCustodianOrganization>
    </assignedCustodian>
  </custodian>
  <legalAuthenticator>
    <time value="201212310000-0400" />
    <signatureCode code="S" />
    <assignedEntity>
      <id extension="KP00017" root="2.16.840.1.113883.19" />
      <addr>
        <streetAddressLine>21 North Ave.</streetAddressLine>
        <city>Burlington</city>
        <state>MA</state>
        <postalCode>02368</postalCode>
        <country>US</country>
      </addr>
      <telecom use="WP" value="tel:(555)555-1003" />
      <assignedPerson>
        <name>
          <given>Henry</given>
          <family>Seven</family>
        </name>
      </assignedPerson>
    </assignedEntity>
  </legalAuthenticator>


  <!--  QRDA Body -->
  <component>
    <structuredBody>

      <component>
        <section>
          <!-- 
    *****************************************************************
    Measure Section
    *****************************************************************
  -->
          <!-- This is the templateId for Measure Section -->
          <templateId root="2.16.840.1.113883.10.20.24.2.2" />
          <!-- This is the templateId for Measure Section QDM -->
          <templateId root="2.16.840.1.113883.10.20.24.2.3" />
          <!-- This is the LOINC code for "Measure document". This stays the same for 
    all measure section required by QRDA standard -->
          <code code="55186-1" codeSystem="2.16.840.1.113883.6.1" />
          <title>Measure Section</title>
          <text>
            <table border="1" width="100%">
              <thead>
                <tr>
                  <th>eMeasure Title</th>
                  <th>Version neutral identifier</th>
                  <th>eMeasure Version Number</th>
                  <th>NQF eMeasure Number</th>
                  <th>Version specific identifier</th>
                </tr>
              </thead>
              <tbody>
                <tr>
                  <td>Elective Delivery</td>
                  <td>fd7ca18d-b56d-4bca-af35-71ce36b15246</td>
                  <td>1</td>
                  <td>0469</td>
                  <td>8a4d92b2-370b-19fa-0137-278530660972</td>
                </tr>
              </tbody>
            </table>
          </text>
          <entry>
            <organizer classCode="CLUSTER" moodCode="EVN">
              <!-- This is the templateId for Measure Reference -->
              <templateId root="2.16.840.1.113883.10.20.24.3.98" />
              <!-- This is the templateId for eMeasure Reference QDM -->
              <templateId root="2.16.840.1.113883.10.20.24.3.97" />
              <statusCode code="completed" />
              <reference typeCode="REFR">
                <externalDocument classCode="DOC" moodCode="EVN">
                  <!-- SHALL: This is the version specific identifier for eMeasure:   QualityMeasureDocument/id  it is a GUID-->
                  <id root="8a4d92b2-370b-19fa-0137-278530660972" />
                  <!-- SHOULD: This is the NQF Number, root is an NQF OID and for    eMeasure Number and extension is the eMeasure's NQF number -->
                  <id extension="0469" root="2.16.840.1.113883.3.560.1" />
                  <!-- SHOULD This is the title of the eMeasure -->
                  <text>Elective Delivery</text>
                  <!-- SHOULD: setId is the eMeasure version neutral id  -->
                  <setId root="fd7ca18d-b56d-4bca-af35-71ce36b15246" />
                  <!-- This is the sequential eMeasure Version number -->
                  <versionNumber value="1" />
                </externalDocument>
              </reference>
            </organizer>
          </entry>
        </section>
      </component>
      <component>
        <!-- 	Reporting Parameters -->
        <section>
          <templateId root="2.16.840.1.113883.10.20.17.2.1" />
          <code code="55187-9" codeSystem="2.16.840.1.113883.6.1" />
          <title>Reporting Parameters</title>
          <text>
            <list>
				<item>Reporting period: 01 Jan 2012 - 31 Dec 2012</item>
			</list>
          </text>
          <entry typeCode="DRIV">
            <act classCode="ACT" moodCode="EVN">
              <templateId root="2.16.840.1.113883.10.20.17.3.8" />
              <code code="252116004" codeSystem="2.16.840.1.113883.6.96" displayName="Observation Parameters" />
              <effectiveTime>
                <low value="20120101" />
                <high value="20121231" />
              </effectiveTime>
            </act>
          </entry>
        </section>
      </component>
      <component>
        <section>
          <templateId root="2.16.840.1.113883.10.20.17.2.4" /><templateId root="2.16.840.1.113883.10.20.24.2.1" />
          <code code="55188-7" codeSystem="2.16.840.1.113883.6.1" />
          <title>Patient Data</title>
          
          <text>
            <table border="1" width="100%">
              <thead>
                <tr>
                  <th>Data Element - Value</th>
                </tr>
              </thead>
              <tbody>
                <tr>
                  <td>Patient Characteristic: Gestational Age &gt;38 weeks - Gestation period, 40 weeks (finding)</td>
                </tr>
                <tr>
                  <td>Procedure, Performed: Delivery Procedures - Neville-Barnes forceps delivery (procedure)</td>
                </tr>
                <tr>
                  <td>Diagnosis, Active: Normal Delivery and Other Indications for Care - Rhesus isoimmunization,
                    delivered, with or without mention of antepartum condition</td>
                </tr>
                <tr>
                  <td>Encounter, Performed: Inpatient Encounter - hospital admission, elective, with partial
                    pre-admission work-up (procedure)</td>
                </tr>
                <tr>
                  <td>Patient Characteristic Payer: Payer - State Government</td>
                </tr>
                <tr>
                  <td>Patient Length of gestation: 37 weeks (finding)</td>
                </tr>
                <tr>
                  <td>Patient Characteristic: Gestational Age &lt;37 weeks - Gestation period, 17 weeks (finding)</td>
                </tr>
                <tr>
                  <td>Procedure, Performed: Medical Induction of Labor - Introduction of Other Hormone into Central
                    Artery, Open Approach</td>
                </tr>
                <tr>
                  <td>Diagnosis, Active: Complication of the Puerperium - Failure of lactation, delivered, with or
                    without mention of antepartum condition</td>
                </tr>
                <tr>
                  <td>Diagnosis, Active: Complication Mainly Related to Pregnancy - Epilepsy complicating pregnancy,
                    childbirth, or the puerperium, delivered, with or without mention of antepartum condition</td>
                </tr>
                <tr>
                  <td>Procedure, Performed: Uterine Surgery - vaginal myomectomy (procedure)</td>
                </tr>
                <tr>
                  <td>Diagnosis, Active: Outcome of Delivery - Single stillbirth</td>
                </tr>
                <tr>
                  <td>Diagnosis, Active: Complication Mainly in the Course of Labor and Delivery - Unspecified
                    obstetrical trauma, delivered, with or without mention of antepartum condition</td>
                </tr>
                <tr>
                  <td>Physical Exam, Finding: Active Labor - spontaneous onset of labor (finding)</td>
                </tr>
                <tr>
                  <td>Patient Characteristic: Gestational Age Unknown - gestational age unknown (finding)</td>
                </tr>
                <tr>
                  <td>Diagnosis, Active: Conditions Possibly Justifying Elective Delivery Prior to 39 Weeks Gestation -
                    Chromosomal abnormality in fetus, affecting management of mother, delivered, with or without mention
                    of antepartum condition</td>
                </tr>
                <tr>
                  <td>Diagnosis, Active: Spontaneous Rupture of Membranes - Premature rupture of membranes with onset of
                    labor after 24 hours of the rupture (disorder)</td>
                </tr>
                <tr>
                  <td>Procedure, Performed: Cesarean Section - Low cervical cesarean section</td>
                </tr>

              </tbody>
            </table>
          </text>

          <entry typeCode="DRIV">
            <observation classCode="OBS" moodCode="EVN">
              <templateId root="2.16.840.1.113883.10.20.24.3.101" />
              <id nullFlavor="NI" />
              <code code="57036006" codeSystem="2.16.840.1.113883.6.96" codeSystemName="SNOMED-CT" displayName="Length of gestation" />
              <statusCode code="completed" />
              <effectiveTime value="20120615" />
              <!-- ?Note: valueSet of PQ "d" and "wk"-->
              <value unit="wk" value="42" xsi:type="PQ" />
            </observation>
          </entry>
           
          <entry typeCode="DRIV">
            <procedure classCode="PROC" moodCode="EVN">
              <!-- Consolidated Procedure Activity Procedure TemplateId 
      (Implied Template) -->
              <templateId root="2.16.840.1.113883.10.20.22.4.14" />
              <!-- Procedure, Performed TemplateId -->
              <templateId root="2.16.840.1.113883.10.20.24.3.64" />
              <id root="d68b7e32-7810-4f5b-9cc2-acd54b0fd85d" />
              <code code="275168001" displayName="Neville-Barnes forceps delivery (procedure)" codeSystem="2.16.840.1.113883.6.96" sdtc:valueSet="2.16.840.1.113883.3.117.1.7.1.401" />
              <text>Procedure, Performed: Heart Transplant And Ventricular-Assist-Device Procedure (ordinality:
                'Principal')</text>
              <statusCode code="completed" />
              <effectiveTime>
                <!-- Attribute: Start Datetime -->
                <low value="20120329090000+0500" />
                <!-- Attribute: End Datetime -->
                <high value="20120329103000+0500" />
              </effectiveTime>

            </procedure>
          </entry>
          <entry typeCode="DRIV">
            <observation classCode="OBS" moodCode="EVN">
              <!--  Problem observation template -->
              <templateId root="2.16.840.1.113883.10.20.22.4.4" />
              <!-- Diagnosis, active template -->
              <templateId root="2.16.840.1.113883.10.20.24.3.11" />
              <id root="2a620155-9d11-439e-92b3-5d9815ff4de8" />
              <code code="282291009" codeSystem="2.16.840.1.113883.6.96" codeSystemName="SNOMED CT" displayName="diagnosis" />
              <statusCode code="completed" />
              <effectiveTime>
                <!-- Attribute: Start Datetime -->
                <low value="20120329090000+0500" />
                <!-- Attribute: Stop Datetime -->
                <high value="20120329103000+0500" />
              </effectiveTime>
              <priorityCode code="63161005" codeSystem="2.16.840.1.113883.6.96" codeSystemName="SNOMED CT" displayName="Principal" />
              <value code="656.11" codeSystem="2.16.840.1.113883.6.2" codeSystemName="ICD-9" displayName="Rhesus isoimmunization, delivered, with or without mention of antepartum condition" sdtc:valueSet="2.16.840.1.113883.3.117.1.7.1.391" xsi:type="CD" />

              <!-- Status -->
              <entryRelationship typeCode="REFR">
                <observation classCode="OBS" moodCode="EVN">
                  <!-- Problem Status (consolidation) template -->
                  <templateId root="2.16.840.1.113883.10.20.22.4.6" />
                  <!-- Problem Status, Active template -->
                  <templateId root="2.16.840.1.113883.10.20.24.3.94" />
                  <id root="bb0df042-77ee-4ee2-bc85-24adffdef4cc" />
                  <code code="33999-4" codeSystem="2.16.840.1.113883.6.1" codeSystemName="LOINC" displayName="status" />
                  <statusCode code="completed" />
                  <value code="55561003" codeSystem="2.16.840.1.113883.6.96" codeSystemName="SNOMED CT" displayName="active" xsi:type="CD" />
                </observation>

              </entryRelationship>
            </observation>
          </entry>
          <entry typeCode="DRIV">
            <encounter classCode="ENC" moodCode="EVN">
              <!--  Encounter activities template -->
              <templateId root="2.16.840.1.113883.10.20.22.4.49" />
              <!-- Encounter performed template -->
              <templateId root="2.16.840.1.113883.10.20.24.3.23" />
              <id root="2a620155-9d11-439e-92b3-5d9815ff4de8" />
              <code code="15584006" codeSystem="2.16.840.1.113883.6.96" codeSystemName="SNOMED-CT" displayName="hospital admission, elective, with partial pre-admission work-up (procedure)" sdtc:valueSet="2.16.840.1.113883.3.117.1.7.1.23" />
              <text>Encounter, Performed: Prenatal initial visit</text>
              <statusCode code="completed" />

              <!-- Length of Stay -->
              <effectiveTime>
                <!-- Attribute: admission datetime -->
                <low value="20120329090000+0500" />
                <!-- Attribute: discharge datetime -->
                <high value="20120329103000+0500" />
              </effectiveTime>

            </encounter>
          </entry>
          <entry typeCode="DRIV">
            <observation classCode="OBS" moodCode="EVN">
              <templateId root="2.16.840.1.113883.10.20.24.3.55" />
              <id root="4ddf1cc3-e325-472e-ad76-b2c66a5ee164" />
              <code code="48768-6" codeSystem="2.16.840.1.113883.6.1" codeSystemName="LOINC" displayName="Payment source" />
              <statusCode code="completed" />
              <value code="1" codeSystem="2.16.840.1.113883.3.221.5" codeSystemName="Source of Payment Typology" displayName="Medicare" sdtc:valueSet="2.16.840.1.114222.4.11.3591" xsi:type="CD" />
            </observation>
          </entry>

          <entry typeCode="DRIV">
            <observation classCode="OBS" moodCode="EVN">
              <templateId root="2.16.840.1.113883.10.20.24.3.101" />
              <id nullFlavor="NI" />
              <code code="57036006" codeSystem="2.16.840.1.113883.6.96" codeSystemName="SNOMED-CT" displayName="Length of gestation" />
              <statusCode code="completed" />
              <effectiveTime value="20120615" />
              <!-- ?Note: valueSet of PQ "d" and "wk"-->
              <value unit="d" value="259" xsi:type="PQ" />
            </observation>
          </entry>

          <entry typeCode="DRIV">
            <procedure classCode="PROC" moodCode="EVN">
              <!-- Consolidated Procedure Activity Procedure TemplateId 
      (Implied Template) -->
              <templateId root="2.16.840.1.113883.10.20.22.4.14" />
              <!-- Procedure, Performed TemplateId -->
              <templateId root="2.16.840.1.113883.10.20.24.3.64" />
              <id root="d68b7e32-7810-4f5b-9cc2-acd54b0fd85d" />
              <code code="11466000" displayName="Cesarean section (procedure)" codeSystem="2.16.840.1.113883.6.2" sdtc:valueSet="2.16.840.1.113883.3.117.1.7.1.282" />
              <text>Procedure, Performed: Cesarean section (procedure) (ordinality:
                'Principal')</text>
              <statusCode code="completed" />
              <effectiveTime>
                <!-- Attribute: Start Datetime -->
                <low value="20120329090000+0500" />
                <!-- Attribute: End Datetime -->
                <high value="20120329103000+0500" />
              </effectiveTime>

            </procedure>
          </entry>
          <entry typeCode="DRIV">
            <observation classCode="OBS" moodCode="EVN">
              <!--  Problem observation template -->
              <templateId root="2.16.840.1.113883.10.20.22.4.4" />
              <!-- Diagnosis, active template -->
              <templateId root="2.16.840.1.113883.10.20.24.3.11" />
              <id root="2a620155-9d11-439e-92b3-5d9815ff4de8" />
              <code code="282291009" codeSystem="2.16.840.1.113883.6.96" codeSystemName="SNOMED CT" displayName="diagnosis" />
              <statusCode code="completed" />
              <effectiveTime>
                <!-- Attribute: Start Datetime -->
                <low value="20120329090000+0500" />
                <!-- Attribute: Stop Datetime -->
                <high value="20120329103000+0500" />
              </effectiveTime>
              <priorityCode code="63161005" codeSystem="2.16.840.1.113883.6.96" codeSystemName="SNOMED CT" displayName="Principal" />
              <value code="676.41" codeSystem="2.16.840.1.113883.6.2" codeSystemName="ICD-9" displayName="Failure of lactation, delivered, with or without mention of antepartum condition" sdtc:valueSet="2.16.840.1.113883.3.117.1.7.1.375" xsi:type="CD" />

              <!-- Status -->
              <entryRelationship typeCode="REFR">
                <observation classCode="OBS" moodCode="EVN">
                  <!-- Problem Status (consolidation) template -->
                  <templateId root="2.16.840.1.113883.10.20.22.4.6" />
                  <!-- Problem Status, Active template -->
                  <templateId root="2.16.840.1.113883.10.20.24.3.94" />
                  <id root="bb0df042-77ee-4ee2-bc85-24adffdef4cc" />
                  <code code="33999-4" codeSystem="2.16.840.1.113883.6.1" codeSystemName="LOINC" displayName="status" />
                  <statusCode code="completed" />
                  <value code="55561003" codeSystem="2.16.840.1.113883.6.96" codeSystemName="SNOMED CT" displayName="active" xsi:type="CD" />
                </observation>

              </entryRelationship>
            </observation>
          </entry>
          <entry typeCode="DRIV">
            <observation classCode="OBS" moodCode="EVN">
              <!--  Problem observation template -->
              <templateId root="2.16.840.1.113883.10.20.22.4.4" />
              <!-- Diagnosis, active template -->
              <templateId root="2.16.840.1.113883.10.20.24.3.11" />
              <id root="2a620155-9d11-439e-92b3-5d9815ff4de8" />
              <code code="282291009" codeSystem="2.16.840.1.113883.6.96" codeSystemName="SNOMED CT" displayName="diagnosis" />
              <statusCode code="completed" />
              <effectiveTime>
                <!-- Attribute: Start Datetime -->
                <low value="20120329090000+0500" />
                <!-- Attribute: Stop Datetime -->
                <high value="20120329103000+0500" />
              </effectiveTime>
              <priorityCode code="63161005" codeSystem="2.16.840.1.113883.6.96" codeSystemName="SNOMED CT" displayName="Principal" />
              <value code="649.41" codeSystem="2.16.840.1.113883.6.2" codeSystemName="ICD-9" displayName="Epilepsy complicating pregnancy, childbirth, or the puerperium, delivered, with or without mention of antepartum condition" sdtc:valueSet="2.16.840.1.113883.3.117.1.7.1.372" xsi:type="CD" />

              <!-- Status -->
              <entryRelationship typeCode="REFR">
                <observation classCode="OBS" moodCode="EVN">
                  <!-- Problem Status (consolidation) template -->
                  <templateId root="2.16.840.1.113883.10.20.22.4.6" />
                  <!-- Problem Status, Active template -->
                  <templateId root="2.16.840.1.113883.10.20.24.3.94" />
                  <id root="bb0df042-77ee-4ee2-bc85-24adffdef4cc" />
                  <code code="33999-4" codeSystem="2.16.840.1.113883.6.1" codeSystemName="LOINC" displayName="status" />
                  <statusCode code="completed" />
                  <value code="55561003" codeSystem="2.16.840.1.113883.6.96" codeSystemName="SNOMED CT" displayName="active" xsi:type="CD" />
                </observation>

              </entryRelationship>
            </observation>
          </entry>
          <entry typeCode="DRIV">
            <procedure classCode="PROC" moodCode="EVN">
              <!-- Consolidated Procedure Activity Procedure TemplateId 
      (Implied Template) -->
              <templateId root="2.16.840.1.113883.10.20.22.4.14" />
              <!-- Procedure, Performed TemplateId -->
              <templateId root="2.16.840.1.113883.10.20.24.3.64" />
              <id root="d68b7e32-7810-4f5b-9cc2-acd54b0fd85d" />
              <code code="236902001" displayName="vaginal myomectomy (procedure)" codeSystem="2.16.840.1.113883.6.96" sdtc:valueSet="2.16.840.1.113883.3.117.1.7.1.422" />
              <text>Procedure, Performed: vaginal myomectomy (procedure) (ordinality:
                'Principal')</text>
              <statusCode code="completed" />
              <effectiveTime>
                <!-- Attribute: Start Datetime -->
                <low value="20120329090000+0500" />
                <!-- Attribute: End Datetime -->
                <high value="20120329103000+0500" />
              </effectiveTime>

            </procedure>
          </entry>
          <entry typeCode="DRIV">
            <observation classCode="OBS" moodCode="EVN">
              <!--  Problem observation template -->
              <templateId root="2.16.840.1.113883.10.20.22.4.4" />
              <!-- Diagnosis, active template -->
              <templateId root="2.16.840.1.113883.10.20.24.3.11" />
              <id root="2a620155-9d11-439e-92b3-5d9815ff4de8" />
              <code code="282291009" codeSystem="2.16.840.1.113883.6.96" codeSystemName="SNOMED CT" displayName="diagnosis" />
              <statusCode code="completed" />
              <effectiveTime>
                <!-- Attribute: Start Datetime -->
                <low value="20120329090000+0500" />
                <!-- Attribute: Stop Datetime -->
                <high value="20120329103000+0500" />
              </effectiveTime>
              <priorityCode code="63161005" codeSystem="2.16.840.1.113883.6.96" codeSystemName="SNOMED CT" displayName="Principal" />
              <value code="Z37.1" codeSystem="2.16.840.1.113883.6.90" codeSystemName="ICD-10" displayName="Single stillbirth" sdtc:valueSet="2.16.840.1.113883.3.117.1.7.1.408" xsi:type="CD" />

              <!-- Status -->
              <entryRelationship typeCode="REFR">
                <observation classCode="OBS" moodCode="EVN">
                  <!-- Problem Status (consolidation) template -->
                  <templateId root="2.16.840.1.113883.10.20.22.4.6" />
                  <!-- Problem Status, Active template -->
                  <templateId root="2.16.840.1.113883.10.20.24.3.94" />
                  <id root="bb0df042-77ee-4ee2-bc85-24adffdef4cc" />
                  <code code="33999-4" codeSystem="2.16.840.1.113883.6.1" codeSystemName="LOINC" displayName="status" />
                  <statusCode code="completed" />
                  <value code="55561003" codeSystem="2.16.840.1.113883.6.96" codeSystemName="SNOMED CT" displayName="active" xsi:type="CD" />
                </observation>

              </entryRelationship>
            </observation>
          </entry>
          <entry typeCode="DRIV">
            <observation classCode="OBS" moodCode="EVN">
              <!--  Problem observation template -->
              <templateId root="2.16.840.1.113883.10.20.22.4.4" />
              <!-- Diagnosis, active template -->
              <templateId root="2.16.840.1.113883.10.20.24.3.11" />
              <id root="2a620155-9d11-439e-92b3-5d9815ff4de8" />
              <code code="282291009" codeSystem="2.16.840.1.113883.6.96" codeSystemName="SNOMED CT" displayName="diagnosis" />
              <statusCode code="completed" />
              <effectiveTime>
                <!-- Attribute: Start Datetime -->
                <low value="20120329090000+0500" />
                <!-- Attribute: Stop Datetime -->
                <high value="20120329103000+0500" />
              </effectiveTime>
              <priorityCode code="63161005" codeSystem="2.16.840.1.113883.6.96" codeSystemName="SNOMED CT" displayName="Principal" />
              <value code="665.91" codeSystem="2.16.840.1.113883.6.2" codeSystemName="ICD-9" displayName="Unspecified obstetrical trauma, delivered, with or without mention of antepartum condition" sdtc:valueSet="2.16.840.1.113883.3.117.1.7.1.397" xsi:type="CD" />

              <!-- Status -->
              <entryRelationship typeCode="REFR">
                <observation classCode="OBS" moodCode="EVN">
                  <!-- Problem Status (consolidation) template -->
                  <templateId root="2.16.840.1.113883.10.20.22.4.6" />
                  <!-- Problem Status, Active template -->
                  <templateId root="2.16.840.1.113883.10.20.24.3.94" />
                  <id root="bb0df042-77ee-4ee2-bc85-24adffdef4cc" />
                  <code code="33999-4" codeSystem="2.16.840.1.113883.6.1" codeSystemName="LOINC" displayName="status" />
                  <statusCode code="completed" />
                  <value code="55561003" codeSystem="2.16.840.1.113883.6.96" codeSystemName="SNOMED CT" displayName="active" xsi:type="CD" />
                </observation>

              </entryRelationship>
            </observation>
          </entry>
          <entry typeCode="DRIV">
            <observation classCode="OBS" moodCode="EVN">
              <!--  Result observation template -->
              <templateId root="2.16.840.1.113883.10.20.22.4.2" />
              <!-- Physical Exam, Finding template -->
              <templateId root="2.16.840.1.113883.10.20.24.3.57" />
              <id root="391a621a-a7b6-4eb0-8daa-841e8ab3b465" />
              <code code="404684003" codeSystem="2.16.840.1.113883.6.96" codeSystemName="SNOMED CT" displayName="finding" />

              <statusCode code="completed" />

              <effectiveTime>
                <!-- Attribute: Start Datetime -->
                <low value="20120329090000+0500" />
                <!-- Attribute: Stop Datetime -->
                <high value="20120329103000+0500" />
              </effectiveTime>

              <value code="84457005" codeSystem="2.16.840.1.113883.6.96" codeSystemName="SNOMED-CT" displayName="spontaneous onset of labor (finding)" sdtc:valueSet="2.16.840.1.113883.3.117.1.7.1.281" xsi:type="CD" />

            </observation>
          </entry>

          <entry typeCode="DRIV">
            <observation classCode="OBS" moodCode="EVN">
              <templateId root="2.16.840.1.113883.10.20.24.3.101" />
              <id nullFlavor="NI" />
              <code code="57036006" codeSystem="2.16.840.1.113883.6.96" codeSystemName="SNOMED-CT" displayName="Length of gestation" />
              <statusCode code="completed" />
              <effectiveTime value="20120615" />
              <!-- ?Note: valueSet of PQ "d" and "wk"-->
              <value unit="d" value="259" xsi:type="PQ" />
            </observation>
          </entry>

          <entry typeCode="DRIV">
            <observation classCode="OBS" moodCode="EVN">
              <!--  Problem observation template -->
              <templateId root="2.16.840.1.113883.10.20.22.4.4" />
              <!-- Diagnosis, active template -->
              <templateId root="2.16.840.1.113883.10.20.24.3.11" />
              <id root="2a620155-9d11-439e-92b3-5d9815ff4de8" />
              <code code="282291009" codeSystem="2.16.840.1.113883.6.96" codeSystemName="SNOMED CT" displayName="diagnosis" />
              <statusCode code="completed" />
              <effectiveTime>
                <!-- Attribute: Start Datetime -->
                <low value="20120329090000+0500" />
                <!-- Attribute: Stop Datetime -->
                <high value="20120329103000+0500" />
              </effectiveTime>
              <priorityCode code="63161005" codeSystem="2.16.840.1.113883.6.96" codeSystemName="SNOMED CT" displayName="Principal" />
              <value code="655.11" codeSystem="2.16.840.1.113883.6.2" codeSystemName="ICD-9" displayName="Chromosomal abnormality in fetus, affecting management of mother, delivered, with or without mention of antepartum condition" sdtc:valueSet="2.16.840.1.113883.3.117.1.7.1.286" xsi:type="CD" />

              <!-- Status -->
              <entryRelationship typeCode="REFR">
                <observation classCode="OBS" moodCode="EVN">
                  <!-- Problem Status (consolidation) template -->
                  <templateId root="2.16.840.1.113883.10.20.22.4.6" />
                  <!-- Problem Status, Active template -->
                  <templateId root="2.16.840.1.113883.10.20.24.3.94" />
                  <id root="bb0df042-77ee-4ee2-bc85-24adffdef4cc" />
                  <code code="33999-4" codeSystem="2.16.840.1.113883.6.1" codeSystemName="LOINC" displayName="status" />
                  <statusCode code="completed" />
                  <value code="55561003" codeSystem="2.16.840.1.113883.6.96" codeSystemName="SNOMED CT" displayName="active" xsi:type="CD" />
                </observation>

              </entryRelationship>
            </observation>
          </entry>
          <entry typeCode="DRIV">
            <observation classCode="OBS" moodCode="EVN">
              <!--  Problem observation template -->
              <templateId root="2.16.840.1.113883.10.20.22.4.4" />
              <!-- Diagnosis, active template -->
              <templateId root="2.16.840.1.113883.10.20.24.3.11" />
              <id root="2a620155-9d11-439e-92b3-5d9815ff4de8" />
              <code code="282291009" codeSystem="2.16.840.1.113883.6.96" codeSystemName="SNOMED CT" displayName="diagnosis" />
              <statusCode code="completed" />
              <effectiveTime>
                <!-- Attribute: Start Datetime -->
                <low value="20120329090000+0500" />
                <!-- Attribute: Stop Datetime -->
                <high value="20120329103000+0500" />
              </effectiveTime>
              <priorityCode code="63161005" codeSystem="2.16.840.1.113883.6.96" codeSystemName="SNOMED CT" displayName="Principal" />
               <value code="169734005" codeSystem="2.16.840.1.113883.6.96" codeSystemName="SNOMED-CT" displayName="Premature rupture of membranes with onset of labor after 24 hours of the rupture (disorder)" sdtc:valueSet="2.16.840.1.113883.3.117.1.7.1.300" xsi:type="CD" />

              <!-- Status -->
              <entryRelationship typeCode="REFR">
                <observation classCode="OBS" moodCode="EVN">
                  <!-- Problem Status (consolidation) template -->
                  <templateId root="2.16.840.1.113883.10.20.22.4.6" />
                  <!-- Problem Status, Active template -->
                  <templateId root="2.16.840.1.113883.10.20.24.3.94" />
                  <id root="bb0df042-77ee-4ee2-bc85-24adffdef4cc" />
                  <code code="33999-4" codeSystem="2.16.840.1.113883.6.1" codeSystemName="LOINC" displayName="status" />
                  <statusCode code="completed" />
                  <value code="55561003" codeSystem="2.16.840.1.113883.6.96" codeSystemName="SNOMED CT" displayName="active" xsi:type="CD" />
                </observation>

              </entryRelationship>
            </observation>
          </entry>
          <entry typeCode="DRIV">
            <procedure classCode="PROC" moodCode="EVN">
              <!-- Consolidated Procedure Activity Procedure TemplateId 
      (Implied Template) -->
              <templateId root="2.16.840.1.113883.10.20.22.4.14" />
              <!-- Procedure, Performed TemplateId -->
              <templateId root="2.16.840.1.113883.10.20.24.3.64" />
              <id root="d68b7e32-7810-4f5b-9cc2-acd54b0fd85d" />
              <code code="74.1" displayName="Low cervical cesarean section" codeSystem="2.16.840.1.113883.6.2" sdtc:valueSet="2.16.840.1.113883.3.117.1.7.1.282" />
              <text>Procedure, Performed: Heart Transplant And Ventricular-Assist-Device Procedure (ordinality:
                'Principal')</text>
              <statusCode code="completed" />
              <effectiveTime>
                <!-- Attribute: Start Datetime -->
                <low value="20120329090000+0500" />
                <!-- Attribute: End Datetime -->
                <high value="20120329103000+0500" />
              </effectiveTime>

            </procedure>
          </entry>
        </section>
      </component>
    </structuredBody>
  </component>

</ClinicalDocument>
