<?xml version="1.0" encoding="UTF-8"?>
<?xml-stylesheet type="text/xsl" href="xslt/eMeasure.xsl"?>
<QualityMeasureDocument xmlns:xsi="http://www.w3.org/2001/XMLSchema-instance" xmlns="urn:hl7-org:v3">
         
      <!--
         **************************************************************   
         Measure Header Section
         **************************************************************
      --><typeId root="2.16.840.1.113883.1.3" extension="POQM_HD000001"/>
   <id root="8a4d92b2-37d1-f95b-0137-dd4b0eb62de6"/>
   <code code="57024-2" codeSystem="2.16.840.1.113883.6.1" displayName="Health Quality Measure Document"/>
   <title>Median Time from ED Arrival to ED Departure for Discharged ED Patients</title>
   <text>Median time from emergency department arrival to time of departure from the emergency room for patients discharged from the emergency department.</text>
   <statusCode code="InProgress"/>
   <setId root="3fd13096-2c8f-40b5-9297-b714e8de9133"/>
   <versionNumber value="2"/>
   <author typeCode="AUT">
      <assignedPerson classCode="ASSIGNED">
         <representedOrganization classCode="ORG" determinerCode="INSTANCE">
            <id root="2.16.840.1.113883"/>
            <name>Oklahoma Foundation for Medical Quality</name>
            <contactParty classCode="CON" nullFlavor="UNK"/>
         </representedOrganization>
      </assignedPerson>
   </author>
   <custodian>
      <assignedPerson classCode="ASSIGNED">
         <representedOrganization classCode="ORG" determinerCode="INSTANCE">
            <id root="2.16.840.1.113883.3.560.3.31"/>
            <name>Centers for Medicare &amp; Medicaid Services</name>
            <contactParty classCode="CON" nullFlavor="UNK"/>
         </representedOrganization>
      </assignedPerson>
   </custodian>
   <verifier typeCode="VRF">
      <assignedPerson classCode="ASSIGNED">
         <representedOrganization classCode="ORG" determinerCode="INSTANCE">
            <name>National Quality Forum</name>
            <contactParty classCode="CON" nullFlavor="UNK"/>
         </representedOrganization>
      </assignedPerson>
   </verifier>
   <subjectOf>
      <measureAttribute>
         <code code="COPY" codeSystem="2.16.840.1.113883.5.4" displayName="Copyright"/>
         <value xsi:type="ED" mediaType="text/plain">None</value>
      </measureAttribute>
   </subjectOf>
   <subjectOf>
      <measureAttribute>
         <code code="MSRSCORE" codeSystem="2.16.840.1.113883.5.4" displayName="Measure Scoring"/>
         <value xsi:type="CD" code="CONTVAR" codeSystem="2.16.840.1.113883.1.11.20367" displayName="Continuous Variable"/>
      </measureAttribute>
   </subjectOf>
   <subjectOf>
      <measureAttribute>
         <code code="MSRTYPE" codeSystem="2.16.840.1.113883.5.4" displayName="Measure Type"/>
         <value xsi:type="CD" code="PROCESS" codeSystem="2.16.840.1.113883.1.11.20368" displayName="Process"/>
      </measureAttribute>
   </subjectOf>
   <subjectOf>
      <measureAttribute>
         <code code="STRAT" codeSystem="2.16.840.1.113883.5.4" displayName="Stratification"/>
         <value xsi:type="ED" mediaType="text/plain">The measure is stratified. Stratum 1 - all discharged ED patients; Stratum 2 – all patients with diagnosis consistent with mental disorders; Stratum 3 – all patients transferred to another acute care hospital; and Stratum 4 – all patients other than those included in populations 2 and 3.
Do Not Include in any of the Strata: Patients who are not an ED Patient; Patients who expire in the ED; Patients admitted to the hospital from the ED.</value>
      </measureAttribute>
   </subjectOf>
   <subjectOf>
      <measureAttribute>
         <code code="MSRADJ" codeSystem="2.16.840.1.113883.5.4" displayName="Risk Adjustment"/>
         <value xsi:type="ED" mediaType="text/plain">None</value>
      </measureAttribute>
   </subjectOf>
   <subjectOf>
      <measureAttribute>
         <code code="MSRAGG" codeSystem="2.16.840.1.113883.5.4" displayName="Rate Aggregation"/>
         <value xsi:type="ED" mediaType="text/plain">None</value>
      </measureAttribute>
   </subjectOf>
   <subjectOf>
      <measureAttribute>
         <code code="RAT" codeSystem="2.16.840.1.113883.5.4" displayName="Rationale"/>
         <value xsi:type="ED" mediaType="text/plain">In recent times, EDs have experienced significant overcrowding. Although once only a problem in large, urban, teaching hospitals, the phenomenon has spread to other suburban and rural healthcare organizations. According to a 2002 national U.S. survey, more than 90 percent of large hospitals report EDs operating "at" or "over" capacity. Overcrowding and heavy emergency resource demand have led to a number of problems, including ambulance refusals, prolonged patient waiting times, increased suffering for those who wait, rushed and unpleasant treatment environments, and potentially poor patient outcomes. Approximately one third of hospitals in the U.S. report increases in ambulance diversion in a given year, whereas up to half report crowded conditions in the ED. In a recent national survey, 40 percent of hospital leaders viewed ED crowding as a symptom of workforce shortages. ED crowding may result in delays in the administration of medication such as antibiotics for pneumonia and has been associated with perceptions of compromised emergency care. For patients with non-ST-segment-elevation myocardial infarction, long ED stays were associated with decreased use of guideline-recommended therapies and a higher risk of recurrent myocardial infarction. When EDs are overwhelmed, their ability to respond to community emergencies and disasters may be compromised.</value>
      </measureAttribute>
   </subjectOf>
   <subjectOf>
      <measureAttribute>
         <code code="CRS" codeSystem="2.16.840.1.113883.3.560" displayName="Clinical Recommendation Statement"/>
         <value xsi:type="ED" mediaType="text/plain">Reducing the time patients remain in the emergency department (ED) can improve access to treatment and increase quality of care. Reducing this time potentially improves access to care specific to the patient condition and increases the capability to provide additional treatment.</value>
      </measureAttribute>
   </subjectOf>
   <subjectOf>
      <measureAttribute>
         <code code="IDUR" codeSystem="2.16.840.1.113883.3.560" displayName="Improvement Notation"/>
         <value xsi:type="ED" mediaType="text/plain">A decrease in the median value indicates less time in the emergency department and enhances throughput.</value>
      </measureAttribute>
   </subjectOf>
   <subjectOf>
      <measureAttribute>
         <code nullFlavor="OTH">
            <originalText>NQF ID Number</originalText>
         </code>
         <value xsi:type="II" root="2.16.840.1.113883.3.560.1" extension="0496"/>
      </measureAttribute>
   </subjectOf>
   <subjectOf>
      <measureAttribute>
         <code code="DISC" codeSystem="2.16.840.1.113883.5.4" displayName="Disclaimer">
            <originalText>Disclaimer</originalText>
         </code>
         <value xsi:type="ED" mediaType="text/plain">None</value>
      </measureAttribute>
   </subjectOf>
   <subjectOf>
      <measureAttribute>
         <code nullFlavor="OTH">
            <originalText>eMeasure Identifier</originalText>
         </code>
         <value xsi:type="ED" mediaType="text/plain">32</value>
      </measureAttribute>
   </subjectOf>
   <subjectOf>
      <measureAttribute>
         <templateId root="2.16.840.1.113883.3.560.1.74"/>
         <id root="a87f539d-0e34-48f3-87ca-311b5cbdf01e"/>
         <code code="MSRTP" displayName="Measurement period" codeSystem="2.16.840.1.113883.3.560"/>
         <value xsi:type="IVL_TS">
            <low value="00000101"/>
            <high value="00001231"/>
         </value>
      </measureAttribute>
   </subjectOf>
   <subjectOf>
      <localVariableName>measureStartDate</localVariableName>
      <measureAttribute>
         <templateId root="2.16.840.1.113883.3.560.1.75"/>
         <id root="125c1a59-fa70-46b5-a97d-631c14a28aea"/>
         <code code="MSRSD" displayName="Measurement start date" codeSystem="2.16.840.1.113883.3.560"/>
         <value xsi:type="TS" value="00000101"/>
      </measureAttribute>
   </subjectOf>
   <subjectOf>
      <localVariableName>measureEndDate</localVariableName>
      <measureAttribute>
         <templateId root="2.16.840.1.113883.3.560.1.75"/>
         <id root="ff77abd8-713c-4fa6-af79-bfa5c12135a8"/>
         <code code="MSRED" displayName="Measurement end date" codeSystem="2.16.840.1.113883.3.560"/>
         <value xsi:type="TS" value="00001231"/>
      </measureAttribute>
   </subjectOf>
   <subjectOf>
      <measureAttribute>
         <code code="REF" codeSystem="2.16.840.1.113883.5.4" displayName="Reference"/>
         <value xsi:type="ED" mediaType="text/plain">Diercks DB, et al. Prolonged emergency department stays of non-ST-segment-elevation myocardial infarction patients are associated with worse adherence to the American College of Cardiology/American Heart Association guidelines for management and increased adverse events. Ann Emerg Med.2007;50:489-96.</value>
      </measureAttribute>
   </subjectOf>
   <subjectOf>
      <measureAttribute>
         <code code="REF" codeSystem="2.16.840.1.113883.5.4" displayName="Reference"/>
         <value xsi:type="ED" mediaType="text/plain">Derlet RW, Richards JR. Emergency department overcrowding in Florida, New York, and Texas. South Med J. 2002;95:846-9</value>
      </measureAttribute>
   </subjectOf>
   <subjectOf>
      <measureAttribute>
         <code code="REF" codeSystem="2.16.840.1.113883.5.4" displayName="Reference"/>
         <value xsi:type="ED" mediaType="text/plain">Derlet RW, Richards JR. Overcrowding in the nation's emergency departments: complex causes and disturbing effects.</value>
      </measureAttribute>
   </subjectOf>
   <subjectOf>
      <measureAttribute>
         <code code="REF" codeSystem="2.16.840.1.113883.5.4" displayName="Reference"/>
         <value xsi:type="ED" mediaType="text/plain">Fatovich DM, Hirsch RL. Entry overload, emergency department overcrowding, and ambulance bypass. Emerg Med J. 2003;
Ann Emerg Med. 2000;35:63-8.
20:406-9</value>
      </measureAttribute>
   </subjectOf>
   <subjectOf>
      <measureAttribute>
         <code code="REF" codeSystem="2.16.840.1.113883.5.4" displayName="Reference"/>
         <value xsi:type="ED" mediaType="text/plain">Hwang U, Richardson LD, Sonuyi TO, Morrison RS. The effect of emergency department crowding on the management of pain in older adults with hip fracture. J Am Geriatr Soc. 2006;.
54:270-5</value>
      </measureAttribute>
   </subjectOf>
   <subjectOf>
      <measureAttribute>
         <code code="REF" codeSystem="2.16.840.1.113883.5.4" displayName="Reference"/>
         <value xsi:type="ED" mediaType="text/plain">Institute of Medicine of the National Academies. Future of emergency care: Hospital-based emergency care at the breaking point. The National Academies Press 2006.</value>
      </measureAttribute>
   </subjectOf>
   <subjectOf>
      <measureAttribute>
         <code code="REF" codeSystem="2.16.840.1.113883.5.4" displayName="Reference"/>
         <value xsi:type="ED" mediaType="text/plain">Kyriacou DN, Ricketts V, Dyne PL, McCollough MD, Talan DA. A 5-year time study analysis of emergency department patient care efficiency. Ann Emerg Med. 1999;34:326-35</value>
      </measureAttribute>
   </subjectOf>
   <subjectOf>
      <measureAttribute>
         <code code="REF" codeSystem="2.16.840.1.113883.5.4" displayName="Reference"/>
         <value xsi:type="ED" mediaType="text/plain">Pines JM, et al. ED crowding is associated with variable perceptions of care compromise. Acad Emerg Med. 2007;14:1176-81.</value>
      </measureAttribute>
   </subjectOf>
   <subjectOf>
      <measureAttribute>
         <code code="REF" codeSystem="2.16.840.1.113883.5.4" displayName="Reference"/>
         <value xsi:type="ED" mediaType="text/plain">Pines JM, et al. Emergency department crowding is associated with poor care for patients with severe pain. Ann Emerg Med. 2008;51:6-7.</value>
      </measureAttribute>
   </subjectOf>
   <subjectOf>
      <measureAttribute>
         <code code="REF" codeSystem="2.16.840.1.113883.5.4" displayName="Reference"/>
         <value xsi:type="ED" mediaType="text/plain">Schull MJ, et al. Emergency department crowding and thrombolysis delays in acute myocardial infarction. Ann Emerg Med. 2004;44:577-85.</value>
      </measureAttribute>
   </subjectOf>
   <subjectOf>
      <measureAttribute>
         <code code="REF" codeSystem="2.16.840.1.113883.5.4" displayName="Reference"/>
         <value xsi:type="ED" mediaType="text/plain">Siegel B, et al. Enhancing work flow to reduce crowding. Jt Comm J Qual Patient Saf. 2007;33(11 Suppl):57-67.</value>
      </measureAttribute>
   </subjectOf>
   <subjectOf>
      <measureAttribute>
         <code code="REF" codeSystem="2.16.840.1.113883.5.4" displayName="Reference"/>
         <value xsi:type="ED" mediaType="text/plain">Trzeciak S, Rivers EP. Emergency department overcrowding in the United States: an emerging threat to patient safety and public health. Emerg Med J. 2003;20:402-5</value>
      </measureAttribute>
   </subjectOf>
   <subjectOf>
      <measureAttribute>
         <code code="REF" codeSystem="2.16.840.1.113883.5.4" displayName="Reference"/>
         <value xsi:type="ED" mediaType="text/plain">Wilper AP, Woolhandler S, Lasser KE, McCormick D, Cutrona SL, Bor DH, Himmelstein DU. Waits to see an emergency department physician: U.S. trends and predictors, 1997-2004. Health Aff (Millwood). 2008;.
27:w84-95.</value>
      </measureAttribute>
   </subjectOf>
   <subjectOf>
      <measureAttribute>
         <code code="DEF" codeSystem="2.16.840.1.113883.3.560" displayName="Definition"/>
         <value xsi:type="ED" mediaType="text/plain">None</value>
      </measureAttribute>
   </subjectOf>
   <subjectOf>
      <measureAttribute>
         <code code="GUIDE" codeSystem="2.16.840.1.113883.5.4" displayName="Guidance"/>
         <value xsi:type="ED" mediaType="text/plain">This measure uses a continuous variable.  The specification provides elements from the clinical electronic record required to calculate for each ED encounter, i.e., the length of time the patient was in the Emergency Department, also stated as: the Emergency Department departure time minus the Emergency Department arrival time. The calculation requires the median of all ED encounter durations.  This measure specification defines how to determine an individual Emergency Department stay. Reporting requires the median of all patient stays ([Encounter: encounter ED].arrivaldatetime - [Encounter: encounter ED].dischargedatetime). The measure is stratified by (1) all patients discharged to a home setting, (2) all patients with mental disorders, (3) all patients transferred to an Acute care, critical access or federal health care facility, and (4) all patients transferred to observation status.

The measurement period is one calendar year but the reporting period is 3 months as a calendar quarter; Q1 = Jan – Mar, Q2 = Apr – Jun, Q3 = Jul – Sep, Q4 is Oct – Dec.</value>
      </measureAttribute>
   </subjectOf>
   <subjectOf>
      <measureAttribute>
         <code nullFlavor="OTH">
            <originalText>Transmission Format</originalText>
         </code>
         <value xsi:type="ED" mediaType="text/plain">None</value>
      </measureAttribute>
   </subjectOf>
   <subjectOf>
      <measureAttribute>
         <code code="IPP" codeSystem="2.16.840.1.113883.5.1063">
            <originalText>Initial Patient Population</originalText>
         </code>
         <value xsi:type="ED" mediaType="text/plain">Patients seen in an emergency department and discharged.</value>
      </measureAttribute>
   </subjectOf>
   <subjectOf>
      <measureAttribute>
         <code code="DENOM" codeSystem="2.16.840.1.113883.5.1063">
            <originalText>Denominator</originalText>
         </code>
         <value xsi:type="ED" mediaType="text/plain">Not applicable</value>
      </measureAttribute>
   </subjectOf>
   <subjectOf>
      <measureAttribute>
         <code nullFlavor="OTH">
            <originalText>Denominator Exclusions</originalText>
         </code>
         <value xsi:type="ED" mediaType="text/plain">Not applicable</value>
      </measureAttribute>
   </subjectOf>
   <subjectOf>
      <measureAttribute>
         <code code="NUMER" codeSystem="2.16.840.1.113883.5.1063">
            <originalText>Numerator</originalText>
         </code>
         <value xsi:type="ED" mediaType="text/plain">Not applicable</value>
      </measureAttribute>
   </subjectOf>
   <subjectOf>
      <measureAttribute>
         <code nullFlavor="OTH">
            <originalText>Numerator Exclusions</originalText>
         </code>
         <value xsi:type="ED" mediaType="text/plain">Not applicable</value>
      </measureAttribute>
   </subjectOf>
   <subjectOf>
      <measureAttribute>
         <code code="DENEXCEP" codeSystem="2.16.840.1.113883.5.1063">
            <originalText>Denominator Exceptions</originalText>
         </code>
         <value xsi:type="ED" mediaType="text/plain">Not applicable</value>
      </measureAttribute>
   </subjectOf>
   <subjectOf>
      <measureAttribute>
         <code code="MSRPOPL" codeSystem="2.16.840.1.113883.5.1063">
            <originalText>Measure Population</originalText>
         </code>
         <value xsi:type="ED" mediaType="text/plain">Any emergency department (ED) visit during the measurement period.</value>
      </measureAttribute>
   </subjectOf>
   <subjectOf>
      <measureAttribute>
         <code nullFlavor="OTH">
            <originalText>Measure Observations</originalText>
         </code>
         <value xsi:type="ED" mediaType="text/plain">Median Time (in minutes) from ED arrival to ED departure for patients discharged from the emergency department.</value>
      </measureAttribute>
   </subjectOf>
   <subjectOf>
      <measureAttribute>
         <code nullFlavor="OTH">
            <originalText>Supplemental Data Elements</originalText>
         </code>
         <value xsi:type="ED" mediaType="text/plain">For every patient evaluated by this measure also identify payer, race, ethnicity and sex.</value>
      </measureAttribute>
   </subjectOf>
   <componentOf>
      <qualityMeasureSet classCode="ACT">
         <id root="f66e4140-9f02-414a-be31-04327c2430c2"/>
         <title>Emergency Department</title>
      </qualityMeasureSet>
   </componentOf>
         
      <!--
         **************************************************************   
         Population Criteria Section
         **************************************************************
      --><component typeCode="COMP">
      <section>
         <code code="57026-7" codeSystem="2.16.840.1.113883.6.1" displayName="Population criteria"/>
         <title>Population criteria</title>
         <text>
            <list>
               <item>
                  <content styleCode="Bold">Initial Patient Population =</content>
                  <list>
                     <item>AND: "Occurrence A of Encounter, Performed: Hospital Measures - Encounter ED (facility location arrival datetime)" during "Measurement Period"</item>
                  </list>
               </item>
               <item>
                  <content styleCode="Bold">Measure Population =</content>
                  <list>
                     <item>AND: "Initial Patient Population"</item>
                     <item>AND NOT: "Encounter, Performed: Hospital Measures-Encounter Inpatient"  &lt;= 6 hour(s) starts after end of "Occurrence A of Encounter, Performed: Hospital Measures - Encounter ED"</item>
                     <item>AND NOT: "Occurrence A of Encounter, Performed: Hospital Measures - Encounter ED (discharge status: 'Hospital Measures - Expired')"</item>
                  </list>
               </item>
            </list>
         </text><!--
            **************************************************************   
            Population Criteria Section: population 
            **************************************************************
      -->
         <entry typeCode="DRIV">
            <observation classCode="OBS" moodCode="EVN" isCriterionInd="true">
               <id root="3787689B-18CA-4230-B79F-DF7C946D9662"/>
               <code code="ASSERTION" codeSystem="2.16.840.1.113883.5.4"/>
               <value xsi:type="CD" code="IPP" codeSystem="2.16.840.1.113883.5.1063" codeSystemName="HL7 Observation Value" displayName="Initial Patient Population"/><!--  top and/or -->
               <sourceOf typeCode="PRCN">
                  <conjunctionCode code="AND"/>
                  <act classCode="ACT" moodCode="EVN" isCriterionInd="true"><!-- Encounter, Performed pattern -->
                     <templateId root="2.16.840.1.113883.3.560.1.79"/>
                     <id root="8ea2d625-dc6d-4bf8-8746-8c011dd7b4b8"/>
                     <code code="46240-8" codeSystem="2.16.840.1.113883.6.1" displayName="Encounter list"/>
                     <sourceOf typeCode="COMP">
                        <encounter classCode="ENC" moodCode="EVN" isCriterionInd="true">
                           <code code="2.16.840.1.113883.3.666.5.900" displayName="Hospital Measures - Encounter ED SNOMED-CT Value Set" codeSystem="2.16.840.1.113883.3.560.101.1"/>
                           <title>Occurrence A of Encounter, Performed: Hospital Measures - Encounter ED (facility location arrival datetime)</title>
                           <statusCode code="completed"/>
                           <sourceOf typeCode="SUBJ">
                              <encounter classCode="ENC" moodCode="EVN" isCriterionInd="true">
                                 <templateId root="2.16.840.1.113883.3.560.1.1035.1"/>
                                 <participant typeCode="LOC">
                                    <roleParticipant classCode="SDLOC">
                                       <code/>
                                       <effectiveTime xsi:type="IVL_TS">
                                          <low/>
                                       </effectiveTime>
                                    </roleParticipant>
                                 </participant>
                              </encounter>
                           </sourceOf>
                           <sourceOf typeCode="DURING">
                              <observation classCode="OBS" moodCode="EVN" isCriterionInd="true">
                                 <id root="a87f539d-0e34-48f3-87ca-311b5cbdf01e"/>
                                 <title>Measurement Period</title>
                              </observation>
                           </sourceOf>
                        </encounter>
                     </sourceOf>
                  </act>
               </sourceOf>
            </observation>
         </entry><!--
            **************************************************************   
            Population Criteria Section: measurePopulation 
            **************************************************************
      -->
         <entry typeCode="DRIV">
            <observation classCode="OBS" moodCode="EVN" isCriterionInd="true">
               <id root="A9199FB8-9A94-4416-AC40-C5E0529BA9C5"/>
               <code code="ASSERTION" codeSystem="2.16.840.1.113883.5.4"/>
               <value xsi:type="CD" code="MSRPOPL" codeSystem="2.16.840.1.113883.5.1063" codeSystemName="HL7 Observation Value" displayName="Measure Population"/><!--  top and/or -->
               <sourceOf typeCode="PRCN">
                  <conjunctionCode code="AND"/>
                  <observation classCode="OBS" moodCode="EVN" isCriterionInd="true">
                     <id root="3787689B-18CA-4230-B79F-DF7C946D9662"/>
                     <title>Initial Patient Population</title>
                  </observation>
               </sourceOf>
               <sourceOf typeCode="PRCN">
                  <conjunctionCode code="AND"/>
                  <act classCode="ACT" moodCode="EVN" isCriterionInd="true" actionNegationInd="true"><!-- Encounter, Performed pattern -->
                     <templateId root="2.16.840.1.113883.3.560.1.79"/>
                     <id root="c698cd6d-3e91-4361-bcc5-397f7bafbf1f"/>
                     <code code="46240-8" codeSystem="2.16.840.1.113883.6.1" displayName="Encounter list"/>
                     <sourceOf typeCode="COMP">
                        <encounter classCode="ENC" moodCode="EVN" isCriterionInd="true">
                           <code code="2.16.840.1.113883.3.666.5.625" displayName="Hospital Measures-Encounter Inpatient SNOMED-CT Value Set" codeSystem="2.16.840.1.113883.3.560.101.1"/>
                           <title>Encounter, Performed: Hospital Measures-Encounter Inpatient</title>
                           <statusCode code="completed"/>
                           <sourceOf typeCode="SAE">
                              <pauseQuantity xsi:type="IVL_PQ">
                                 <high value="6" unit="h" inclusive="true"/>
                              </pauseQuantity>
                              <observation classCode="OBS" moodCode="EVN" isCriterionInd="true">
                                 <id root="8ea2d625-dc6d-4bf8-8746-8c011dd7b4b8"/>
                                 <title>Occurrence A of Encounter, Performed: Hospital Measures - Encounter ED</title>
                              </observation>
                           </sourceOf>
                        </encounter>
                     </sourceOf>
                  </act>
               </sourceOf>
               <sourceOf typeCode="PRCN">
                  <conjunctionCode code="AND"/>
                  <act classCode="ACT" moodCode="EVN" isCriterionInd="true" actionNegationInd="true"><!-- Encounter, Performed pattern -->
                     <templateId root="2.16.840.1.113883.3.560.1.79"/>
                     <id root="8ea2d625-dc6d-4bf8-8746-8c011dd7b4b8"/>
                     <code code="46240-8" codeSystem="2.16.840.1.113883.6.1" displayName="Encounter list"/>
                     <sourceOf typeCode="COMP">
                        <encounter classCode="ENC" moodCode="EVN" isCriterionInd="true">
                           <code code="2.16.840.1.113883.3.666.5.900" displayName="Hospital Measures - Encounter ED SNOMED-CT Value Set" codeSystem="2.16.840.1.113883.3.560.101.1"/>
                           <title>Occurrence A of Encounter, Performed: Hospital Measures - Encounter ED (discharge status: 'Hospital Measures - Expired')</title>
                           <statusCode code="completed"/>
                           <sourceOf typeCode="REFR">
                              <observation classCode="OBS" moodCode="EVN" isCriterionInd="true">
                                 <templateId root="2.16.840.1.113883.3.560.1.1003.2"/>
                                 <code code="309039003" codeSystem="2.16.840.1.113883.6.96" displayName="discharge status" codeSystemName="SNOMED-CT"/>
                                 <value xsi:type="CD" code="2.16.840.1.113883.3.666.5.1146" codeSystem="2.16.840.1.113883.3.560.101.1" displayName="Hospital Measures - Expired"/>
                              </observation>
                           </sourceOf>
                        </encounter>
                     </sourceOf>
                  </act>
               </sourceOf>
            </observation>
         </entry>
      </section>
   </component>
            
         <!--
            **************************************************************   
            Measure Observations Section
            **************************************************************
         --><component typeCode="COMP">
      <section>
         <code code="57027-5" codeSystem="2.16.840.1.113883.6.1" displayName="Measure observations"/>
         <title>Measure observations</title>
         <text>
            <list>
               <item>Median of:Time difference of:<list>
                     <item>AND: "Occurrence A of Encounter, Performed: Hospital Measures - Encounter ED (facility location arrival datetime)"</item>
                     <item>AND: "Occurrence A of Encounter, Performed: Hospital Measures - Encounter ED (facility location departure datetime)"</item>
                  </list>
               </item>
            </list>
         </text>
         <entry typeCode="DRIV">
            <observation classCode="OBS" moodCode="DEF">
               <templateId root="TBD"/>
               <id root="8c1fc129-f685-472d-9ceb-9e76ed2739ea"/>
               <code>
                  <originalText>Median</originalText>
               </code>
               <derivationExpr>MEDIAN(var1 )</derivationExpr>
               <value xsi:type="ANYNonNull"/>
               <sourceOf typeCode="DRIV">
                  <localVariableName>var1</localVariableName>
                  <observation classCode="OBS" moodCode="DEF">
                     <templateId root="2.16.840.1.113883.3.560.1.10038"/>
                     <id root="5c15c8ac-a19a-41b2-a2e0-96cefa28a036"/>
                     <code>
                        <originalText>Time difference</originalText>
                     </code>
                     <derivationExpr>TIMEDIFF(var1.facility location arrival datetime id .facility location departure datetime id  )</derivationExpr>
                     <value xsi:type="ANYNonNull"/>
                     <sourceOf typeCode="DRIV">
                        <localVariableName>var1</localVariableName>
                        <act classCode="ACT" moodCode="EVN" isCriterionInd="true">
                           <sourceOf typeCode="PRCN">
                              <conjunctionCode code="AND"/>
                              <act classCode="ACT" moodCode="EVN" isCriterionInd="true"><!-- Encounter, Performed pattern -->
                                 <templateId root="2.16.840.1.113883.3.560.1.79"/>
                                 <id root="8ea2d625-dc6d-4bf8-8746-8c011dd7b4b8"/>
                                 <code code="46240-8" codeSystem="2.16.840.1.113883.6.1" displayName="Encounter list"/>
                                 <sourceOf typeCode="COMP">
                                    <encounter classCode="ENC" moodCode="EVN" isCriterionInd="true">
                                       <code code="2.16.840.1.113883.3.666.5.900" displayName="Hospital Measures - Encounter ED SNOMED-CT Value Set" codeSystem="2.16.840.1.113883.3.560.101.1"/>
                                       <title>Occurrence A of Encounter, Performed: Hospital Measures - Encounter ED (facility location arrival datetime)</title>
                                       <statusCode code="completed"/>
                                       <sourceOf typeCode="SUBJ">
                                          <encounter classCode="ENC" moodCode="EVN" isCriterionInd="true">
                                             <templateId root="2.16.840.1.113883.3.560.1.1035.1"/>
                                             <participant typeCode="LOC">
                                                <roleParticipant classCode="SDLOC">
                                                   <code/>
                                                   <effectiveTime xsi:type="IVL_TS">
                                                      <low/>
                                                   </effectiveTime>
                                                </roleParticipant>
                                             </participant>
                                          </encounter>
                                       </sourceOf>
                                    </encounter>
                                 </sourceOf>
                              </act>
                           </sourceOf>
                           <sourceOf typeCode="PRCN">
                              <conjunctionCode code="AND"/>
                              <act classCode="ACT" moodCode="EVN" isCriterionInd="true"><!-- Encounter, Performed pattern -->
                                 <templateId root="2.16.840.1.113883.3.560.1.79"/>
                                 <id root="8ea2d625-dc6d-4bf8-8746-8c011dd7b4b8"/>
                                 <code code="46240-8" codeSystem="2.16.840.1.113883.6.1" displayName="Encounter list"/>
                                 <sourceOf typeCode="COMP">
                                    <encounter classCode="ENC" moodCode="EVN" isCriterionInd="true">
                                       <code code="2.16.840.1.113883.3.666.5.900" displayName="Hospital Measures - Encounter ED SNOMED-CT Value Set" codeSystem="2.16.840.1.113883.3.560.101.1"/>
                                       <title>Occurrence A of Encounter, Performed: Hospital Measures - Encounter ED (facility location departure datetime)</title>
                                       <statusCode code="completed"/>
                                       <sourceOf typeCode="SUBJ">
                                          <encounter classCode="ENC" moodCode="EVN" isCriterionInd="true">
                                             <templateId root="2.16.840.1.113883.3.560.1.1036.1"/>
                                             <participant typeCode="LOC">
                                                <roleParticipant classCode="SDLOC">
                                                   <code/>
                                                   <effectiveTime xsi:type="IVL_TS">
                                                      <high/>
                                                   </effectiveTime>
                                                </roleParticipant>
                                             </participant>
                                          </encounter>
                                       </sourceOf>
                                    </encounter>
                                 </sourceOf>
                              </act>
                           </sourceOf>
                        </act>
                     </sourceOf>
                  </observation>
               </sourceOf>
            </observation>
         </entry>
      </section>
   </component>
         
      <!--
         ******************************************   
         Data Criteria Section
         ******************************************
      --><component typeCode="COMP">
      <section>
         <code code="57025-9" codeSystem="2.16.840.1.113883.6.1" displayName="Data criteria (QDM Data Elements)"/>
         <title>Data criteria (QDM Data Elements)</title>
         <text>
            <list>
               <item>
                  <content>"Diagnosis, Active: Hospital Measures-Joint Commission Mental Disorders"</content> using "Hospital Measures-Joint Commission Mental Disorders Grouping Value Set (1.3.6.1.4.1.33895.1.3.0.42)"</item>
               <item>
                  <content>"Encounter, Performed: Hospital Measures - Encounter ED"</content> using "Hospital Measures - Encounter ED SNOMED-CT Value Set (2.16.840.1.113883.3.666.5.900)"</item>
               <item>
                  <content>"Encounter, Performed: Hospital Measures-Encounter Inpatient"</content> using "Hospital Measures-Encounter Inpatient SNOMED-CT Value Set (2.16.840.1.113883.3.666.5.625)"</item>
               <item>
                  <content>"Transfer To: Hospital Measures-Acute care hospital"</content> using "Hospital Measures-Acute care hospital SNOMED-CT Value Set (2.16.840.1.113883.3.666.5.3013)"</item>
               <item>
                  <content>Attribute: "Discharge status: Hospital Measures - Expired"</content> using "Hospital Measures - Expired Grouping Value Set  (2.16.840.1.113883.3.666.5.1146)"</item>
               <item>
                  <content>Attribute: "Ordinality: Hospital Measures - Principal"</content> using "Hospital Measures - Principal SNOMED-CT Value Set  (2.16.840.1.113883.3.666.5.3010)"</item>
            </list>
         </text>
         <entry typeCode="DRIV">
            <act classCode="ACT" moodCode="EVN" isCriterionInd="true"><!-- Encounter, Performed pattern -->
               <templateId root="2.16.840.1.113883.3.560.1.79"/>
               <id root="d8f9e895-ef34-47c6-852c-281ae467fb98"/>
               <code code="46240-8" codeSystem="2.16.840.1.113883.6.1" displayName="Encounter list"/>
               <sourceOf typeCode="COMP">
                  <encounter classCode="ENC" moodCode="EVN" isCriterionInd="true">
                     <code code="2.16.840.1.113883.3.666.5.900" displayName="Hospital Measures - Encounter ED SNOMED-CT Value Set" codeSystem="2.16.840.1.113883.3.560.101.1"/>
                     <title>Encounter, Performed: Hospital Measures - Encounter ED</title>
                     <statusCode code="completed"/>
                  </encounter>
               </sourceOf>
            </act>
         </entry>
         <entry typeCode="DRIV">
            <act classCode="ACT" moodCode="EVN" isCriterionInd="true"><!-- Encounter, Performed pattern -->
               <templateId root="2.16.840.1.113883.3.560.1.79"/>
               <id root="c698cd6d-3e91-4361-bcc5-397f7bafbf1f"/>
               <code code="46240-8" codeSystem="2.16.840.1.113883.6.1" displayName="Encounter list"/>
               <sourceOf typeCode="COMP">
                  <encounter classCode="ENC" moodCode="EVN" isCriterionInd="true">
                     <code code="2.16.840.1.113883.3.666.5.625" displayName="Hospital Measures-Encounter Inpatient SNOMED-CT Value Set" codeSystem="2.16.840.1.113883.3.560.101.1"/>
                     <title>Encounter, Performed: Hospital Measures-Encounter Inpatient</title>
                     <statusCode code="completed"/>
                  </encounter>
               </sourceOf>
            </act>
         </entry>
         <entry typeCode="DRIV">
            <act classCode="ACT" moodCode="EVN" isCriterionInd="true"><!-- Diagnosis, Active pattern -->
               <templateId root="2.16.840.1.113883.3.560.1.2"/>
               <id root="0dd918df-a089-4573-bfd4-335f0c15058f"/>
               <code code="11450-4" displayName="Problem" codeSystem="2.16.840.1.113883.6.1"/>
               <sourceOf typeCode="COMP">
                  <observation classCode="OBS" moodCode="EVN" isCriterionInd="true">
                     <code code="55607006" codeSystem="2.16.840.1.113883.6.96" displayName="Problem"/>
                     <title>Diagnosis, Active: Hospital Measures-Joint Commission Mental Disorders</title>
                     <value xsi:type="CD" code="1.3.6.1.4.1.33895.1.3.0.42" displayName="Hospital Measures-Joint Commission Mental Disorders Grouping Value Set"/>
                     <sourceOf typeCode="REFR">
                        <observation classCode="OBS" moodCode="EVN" isCriterionInd="true">
                           <code code="33999-4" codeSystem="2.16.840.1.113883.6.1" displayName="Status"/>
                           <value xsi:type="CD" code="55561003" displayName="active" codeSystem="2.16.840.1.113883.6.96"/>
                        </observation>
                     </sourceOf>
                  </observation>
               </sourceOf>
            </act>
         </entry>
         <entry typeCode="DRIV">
            <act classCode="ACT" moodCode="EVN" isCriterionInd="true"><!-- Transfer To pattern -->
               <templateId root="2.16.840.1.113883.3.560.1.72"/>
               <id root="664385b7-9233-4931-b5fa-9c6c5f316b45"/>
               <sourceOf typeCode="COMP">
                  <observation classCode="OBS" moodCode="EVN" isCriterionInd="true">
                     <title>Transfer To: Hospital Measures-Acute care hospital</title>
                     <participant typeCode="DST">
                        <roleParticipant classCode="LOCE">
                           <code code="2.16.840.1.113883.3.666.5.3013" displayName="Hospital Measures-Acute care hospital SNOMED-CT Value Set" codeSystem="2.16.840.1.113883.3.560.101.1"/>
                        </roleParticipant>
                     </participant>
                  </observation>
               </sourceOf>
            </act>
         </entry>
         <entry typeCode="COMP">
            <observation classCode="OBS" moodCode="DEF">
               <templateId root="2.16.840.1.113883.3.560.1.79"/>
               <id root="8ea2d625-dc6d-4bf8-8746-8c011dd7b4b8"/>
               <sourceOf typeCode="DRIV">
                  <localVariableName>Hospital Measures - Encounter ED</localVariableName>
                  <observation classCode="OBS" moodCode="EVN" isCriterionInd="true">
                     <id root="d8f9e895-ef34-47c6-852c-281ae467fb98"/>
                  </observation>
               </sourceOf>
            </observation>
         </entry>
      </section>
   </component>
            
         <!--
            **************************************************************   
            Stratification Section
            **************************************************************
         --><component typeCode="COMP">
      <section>
         <code code="69669-0" codeSystem="2.16.840.1.113883.6.1" displayName="Population stratification description"/>
         <title>Reporting Stratification</title>
         <text>
            <list>
               <item>
                  <content styleCode="Bold">Reporting Stratum 1 =</content>
                  <list>
                     <item>AND: "Occurrence A of Encounter, Performed: Hospital Measures - Encounter ED (facility location arrival datetime)" during "Measurement Period"</item>
                  </list>
               </item>
               <item>
                  <content styleCode="Bold">Reporting Stratum 2 =</content>
                  <list>
                     <item>AND: "Diagnosis, Active: Hospital Measures-Joint Commission Mental Disorders (ordinality: 'Hospital Measures - Principal')" starts during "Occurrence A of Encounter, Performed: Hospital Measures - Encounter ED"</item>
                  </list>
               </item>
               <item>
                  <content styleCode="Bold">Reporting Stratum 3 =</content>
                  <list>
                     <item>AND: "Transfer To: Hospital Measures-Acute care hospital"  &lt;= 6 hour(s) starts after end of "Occurrence A of Encounter, Performed: Hospital Measures - Encounter ED"</item>
                  </list>
               </item>
               <item>
                  <content styleCode="Bold">Reporting Stratum 4 =</content>
                  <list>
                     <item>AND NOT: <list>
                           <item>OR: "Diagnosis, Active: Hospital Measures-Joint Commission Mental Disorders (ordinality: 'Hospital Measures - Principal')" starts during "Occurrence A of Encounter, Performed: Hospital Measures - Encounter ED"</item>
                           <item>OR: "Transfer To: Hospital Measures-Acute care hospital"  &lt;= 6 hour(s) starts after end of "Occurrence A of Encounter, Performed: Hospital Measures - Encounter ED"</item>
                        </list>
                     </item>
                  </list>
               </item>
            </list>
         </text>
         <entry typeCode="DRIV">
            <observation classCode="OBS" moodCode="EVN" isCriterionInd="true" actionNegationInd="true">
               <id root="C7A6139A-9D31-4C69-8DE0-52D34005EB68"/>
               <code nullFlavor="OTH">
                  <originalText>Stratum</originalText>
               </code><!--  top and/or -->
               <sourceOf typeCode="PRCN">
                  <conjunctionCode code="AND"/>
                  <act classCode="ACT" moodCode="EVN" isCriterionInd="true"><!-- Encounter, Performed pattern -->
                     <templateId root="2.16.840.1.113883.3.560.1.79"/>
                     <id root="8ea2d625-dc6d-4bf8-8746-8c011dd7b4b8"/>
                     <code code="46240-8" codeSystem="2.16.840.1.113883.6.1" displayName="Encounter list"/>
                     <sourceOf typeCode="COMP">
                        <encounter classCode="ENC" moodCode="EVN" isCriterionInd="true">
                           <code code="2.16.840.1.113883.3.666.5.900" displayName="Hospital Measures - Encounter ED SNOMED-CT Value Set" codeSystem="2.16.840.1.113883.3.560.101.1"/>
                           <title>Occurrence A of Encounter, Performed: Hospital Measures - Encounter ED (facility location arrival datetime)</title>
                           <statusCode code="completed"/>
                           <sourceOf typeCode="SUBJ">
                              <encounter classCode="ENC" moodCode="EVN" isCriterionInd="true">
                                 <templateId root="2.16.840.1.113883.3.560.1.1035.1"/>
                                 <participant typeCode="LOC">
                                    <roleParticipant classCode="SDLOC">
                                       <code/>
                                       <effectiveTime xsi:type="IVL_TS">
                                          <low/>
                                       </effectiveTime>
                                    </roleParticipant>
                                 </participant>
                              </encounter>
                           </sourceOf>
                           <sourceOf typeCode="DURING">
                              <observation classCode="OBS" moodCode="EVN" isCriterionInd="true">
                                 <id root="a87f539d-0e34-48f3-87ca-311b5cbdf01e"/>
                                 <title>Measurement Period</title>
                              </observation>
                           </sourceOf>
                        </encounter>
                     </sourceOf>
                  </act>
               </sourceOf>
            </observation>
         </entry>
         <entry typeCode="DRIV">
            <observation classCode="OBS" moodCode="EVN" isCriterionInd="true" actionNegationInd="true">
               <id root="49300C0A-A71F-4621-8240-05FDDA18625F"/>
               <code nullFlavor="OTH">
                  <originalText>Stratum</originalText>
               </code><!--  top and/or -->
               <sourceOf typeCode="PRCN">
                  <conjunctionCode code="AND"/>
                  <act classCode="ACT" moodCode="EVN" isCriterionInd="true"><!-- Diagnosis, Active pattern -->
                     <templateId root="2.16.840.1.113883.3.560.1.2"/>
                     <id root="0dd918df-a089-4573-bfd4-335f0c15058f"/>
                     <code code="11450-4" displayName="Problem" codeSystem="2.16.840.1.113883.6.1"/>
                     <sourceOf typeCode="COMP">
                        <observation classCode="OBS" moodCode="EVN" isCriterionInd="true">
                           <code code="55607006" codeSystem="2.16.840.1.113883.6.96" displayName="Problem"/>
                           <title>Diagnosis, Active: Hospital Measures-Joint Commission Mental Disorders (ordinality: 'Hospital Measures - Principal')</title>
                           <value xsi:type="CD" code="1.3.6.1.4.1.33895.1.3.0.42" displayName="Hospital Measures-Joint Commission Mental Disorders Grouping Value Set"/>
                           <sourceOf typeCode="REFR">
                              <observation classCode="OBS" moodCode="EVN" isCriterionInd="true">
                                 <code code="33999-4" codeSystem="2.16.840.1.113883.6.1" displayName="Status"/>
                                 <value xsi:type="CD" code="55561003" displayName="active" codeSystem="2.16.840.1.113883.6.96"/>
                              </observation>
                           </sourceOf>
                           <sourceOf typeCode="SUBJ">
                              <observation classCode="OBS" moodCode="EVN" isCriterionInd="true">
                                 <templateId root="2.16.840.1.113883.3.560.1.1012.2"/>
                                 <code code="117363000" codeSystem="2.16.840.1.113883.6.96" displayName="ordinality" codeSystemName="SNOMED-CT"/>
                                 <value xsi:type="CD" code="2.16.840.1.113883.3.666.5.3010" codeSystem="2.16.840.1.113883.3.560.101.1" displayName="Hospital Measures - Principal"/>
                              </observation>
                           </sourceOf>
                           <sourceOf typeCode="SDU">
                              <observation classCode="OBS" moodCode="EVN" isCriterionInd="true">
                                 <id root="8ea2d625-dc6d-4bf8-8746-8c011dd7b4b8"/>
                                 <title>Occurrence A of Encounter, Performed: Hospital Measures - Encounter ED</title>
                              </observation>
                           </sourceOf>
                        </observation>
                     </sourceOf>
                  </act>
               </sourceOf>
            </observation>
         </entry>
         <entry typeCode="DRIV">
            <observation classCode="OBS" moodCode="EVN" isCriterionInd="true" actionNegationInd="true">
               <id root="1F45E427-8484-4370-94A7-F92F239CA637"/>
               <code nullFlavor="OTH">
                  <originalText>Stratum</originalText>
               </code><!--  top and/or -->
               <sourceOf typeCode="PRCN">
                  <conjunctionCode code="AND"/>
                  <act classCode="ACT" moodCode="EVN" isCriterionInd="true"><!-- Transfer To pattern -->
                     <templateId root="2.16.840.1.113883.3.560.1.72"/>
                     <id root="664385b7-9233-4931-b5fa-9c6c5f316b45"/>
                     <sourceOf typeCode="COMP">
                        <observation classCode="OBS" moodCode="EVN" isCriterionInd="true">
                           <title>Transfer To: Hospital Measures-Acute care hospital</title>
                           <participant typeCode="DST">
                              <roleParticipant classCode="LOCE">
                                 <code code="2.16.840.1.113883.3.666.5.3013" displayName="Hospital Measures-Acute care hospital SNOMED-CT Value Set" codeSystem="2.16.840.1.113883.3.560.101.1"/>
                              </roleParticipant>
                           </participant>
                           <sourceOf typeCode="SAE">
                              <pauseQuantity xsi:type="IVL_PQ">
                                 <high value="6" unit="h" inclusive="true"/>
                              </pauseQuantity>
                              <observation classCode="OBS" moodCode="EVN" isCriterionInd="true">
                                 <id root="8ea2d625-dc6d-4bf8-8746-8c011dd7b4b8"/>
                                 <title>Occurrence A of Encounter, Performed: Hospital Measures - Encounter ED</title>
                              </observation>
                           </sourceOf>
                        </observation>
                     </sourceOf>
                  </act>
               </sourceOf>
            </observation>
         </entry>
         <entry typeCode="DRIV">
            <observation classCode="OBS" moodCode="EVN" isCriterionInd="true" actionNegationInd="true">
               <id root="77D308D3-2C36-4E99-AD57-820DEE0AA672"/>
               <code nullFlavor="OTH">
                  <originalText>Stratum</originalText>
               </code><!--  top and/or -->
               <sourceOf typeCode="PRCN">
                  <conjunctionCode code="AND"/>
                  <act classCode="ACT" moodCode="EVN" isCriterionInd="true" actionNegationInd="true">
                     <sourceOf typeCode="PRCN">
                        <conjunctionCode code="OR"/>
                        <act classCode="ACT" moodCode="EVN" isCriterionInd="true"><!-- Diagnosis, Active pattern -->
                           <templateId root="2.16.840.1.113883.3.560.1.2"/>
                           <id root="0dd918df-a089-4573-bfd4-335f0c15058f"/>
                           <code code="11450-4" displayName="Problem" codeSystem="2.16.840.1.113883.6.1"/>
                           <sourceOf typeCode="COMP">
                              <observation classCode="OBS" moodCode="EVN" isCriterionInd="true">
                                 <code code="55607006" codeSystem="2.16.840.1.113883.6.96" displayName="Problem"/>
                                 <title>Diagnosis, Active: Hospital Measures-Joint Commission Mental Disorders (ordinality: 'Hospital Measures - Principal')</title>
                                 <value xsi:type="CD" code="1.3.6.1.4.1.33895.1.3.0.42" displayName="Hospital Measures-Joint Commission Mental Disorders Grouping Value Set"/>
                                 <sourceOf typeCode="REFR">
                                    <observation classCode="OBS" moodCode="EVN" isCriterionInd="true">
                                       <code code="33999-4" codeSystem="2.16.840.1.113883.6.1" displayName="Status"/>
                                       <value xsi:type="CD" code="55561003" displayName="active" codeSystem="2.16.840.1.113883.6.96"/>
                                    </observation>
                                 </sourceOf>
                                 <sourceOf typeCode="SUBJ">
                                    <observation classCode="OBS" moodCode="EVN" isCriterionInd="true">
                                       <templateId root="2.16.840.1.113883.3.560.1.1012.2"/>
                                       <code code="117363000" codeSystem="2.16.840.1.113883.6.96" displayName="ordinality" codeSystemName="SNOMED-CT"/>
                                       <value xsi:type="CD" code="2.16.840.1.113883.3.666.5.3010" codeSystem="2.16.840.1.113883.3.560.101.1" displayName="Hospital Measures - Principal"/>
                                    </observation>
                                 </sourceOf>
                                 <sourceOf typeCode="SDU">
                                    <observation classCode="OBS" moodCode="EVN" isCriterionInd="true">
                                       <id root="8ea2d625-dc6d-4bf8-8746-8c011dd7b4b8"/>
                                       <title>Occurrence A of Encounter, Performed: Hospital Measures - Encounter ED</title>
                                    </observation>
                                 </sourceOf>
                              </observation>
                           </sourceOf>
                        </act>
                     </sourceOf>
                     <sourceOf typeCode="PRCN">
                        <conjunctionCode code="OR"/>
                        <act classCode="ACT" moodCode="EVN" isCriterionInd="true"><!-- Transfer To pattern -->
                           <templateId root="2.16.840.1.113883.3.560.1.72"/>
                           <id root="664385b7-9233-4931-b5fa-9c6c5f316b45"/>
                           <sourceOf typeCode="COMP">
                              <observation classCode="OBS" moodCode="EVN" isCriterionInd="true">
                                 <title>Transfer To: Hospital Measures-Acute care hospital</title>
                                 <participant typeCode="DST">
                                    <roleParticipant classCode="LOCE">
                                       <code code="2.16.840.1.113883.3.666.5.3013" displayName="Hospital Measures-Acute care hospital SNOMED-CT Value Set" codeSystem="2.16.840.1.113883.3.560.101.1"/>
                                    </roleParticipant>
                                 </participant>
                                 <sourceOf typeCode="SAE">
                                    <pauseQuantity xsi:type="IVL_PQ">
                                       <high value="6" unit="h" inclusive="true"/>
                                    </pauseQuantity>
                                    <observation classCode="OBS" moodCode="EVN" isCriterionInd="true">
                                       <id root="8ea2d625-dc6d-4bf8-8746-8c011dd7b4b8"/>
                                       <title>Occurrence A of Encounter, Performed: Hospital Measures - Encounter ED</title>
                                    </observation>
                                 </sourceOf>
                              </observation>
                           </sourceOf>
                        </act>
                     </sourceOf>
                  </act>
               </sourceOf>
            </observation>
         </entry>
      </section>
   </component>
         
      <!--
         ******************************************   
         Supplemental Data Elements Section
         ******************************************
      --><component typeCode="COMP">
      <section>
         <code code="69670-8" codeSystem="2.16.840.1.113883.6.1" displayName="Supplemental Data Elements"/>
         <title>Supplemental Data Elements</title>
         <text>
            <list>
               <item>
                  <content>"Patient Characteristic Ethnicity: Ethnicity"</content> using "Ethnicity CDC Value Set (2.16.840.1.114222.4.11.837)"</item>
               <item>
                  <content>"Patient Characteristic Payer: Payer"</content> using "Payer Source of Payment Typology Value Set (2.16.840.1.114222.4.11.3591)"</item>
               <item>
                  <content>"Patient Characteristic Race: Race"</content> using "Race CDC Value Set (2.16.840.1.114222.4.11.836)"</item>
               <item>
                  <content>"Patient Characteristic Sex: ONC Administrative Sex"</content> using "ONC Administrative Sex Administrative Sex Value Set (2.16.840.1.113762.1.4.1)"</item>
            </list>
         </text>
         <entry typeCode="DRIV">
            <act classCode="ACT" moodCode="EVN" isCriterionInd="true"><!-- Patient Characteristic Sex pattern -->
               <templateId root="2.16.840.1.113883.3.560.1.402"/>
               <id root="ed5aee0a-c8b7-4ad1-b898-352edb24cd60"/>
               <code code="45970-1" displayName="Demographics" codeSystem="2.16.840.1.113883.6.1"/>
               <sourceOf typeCode="COMP">
                  <observation classCode="OBS" moodCode="EVN" isCriterionInd="true">
                     <code code="263495000" codeSystem="2.16.840.1.113883.6.96" displayName="Sex"/>
                     <title>Patient Characteristic Sex: ONC Administrative Sex</title>
                     <value xsi:type="CD" code="2.16.840.1.113762.1.4.1" codeSystem="2.16.840.1.113883.3.560.101.1" displayName="ONC Administrative Sex Administrative Sex Value Set"/>
                  </observation>
               </sourceOf>
            </act>
         </entry>
         <entry typeCode="DRIV">
            <act classCode="ACT" moodCode="EVN" isCriterionInd="true"><!-- Patient Characteristic Race pattern -->
               <templateId root="2.16.840.1.113883.3.560.1.406"/>
               <id root="4087e64e-f7b3-4e8d-9a55-fc65e5fbc495"/>
               <code code="45970-1" displayName="Demographics" codeSystem="2.16.840.1.113883.6.1"/>
               <sourceOf typeCode="COMP">
                  <observation classCode="OBS" moodCode="EVN" isCriterionInd="true">
                     <code code="32624-9" codeSystem="2.16.840.1.113883.6.1" displayName="Race"/>
                     <title>Patient Characteristic Race: Race</title>
                     <value xsi:type="CD" code="2.16.840.1.114222.4.11.836" codeSystem="2.16.840.1.113883.3.560.101.1" displayName="Race CDC Value Set"/>
                  </observation>
               </sourceOf>
            </act>
         </entry>
         <entry typeCode="DRIV">
            <act classCode="ACT" moodCode="EVN" isCriterionInd="true"><!-- Patient Characteristic Ethnicity pattern -->
               <templateId root="2.16.840.1.113883.3.560.1.403"/>
               <id root="b10f13ef-d059-4083-bd93-d87d007d04d3"/>
               <code code="45970-1" displayName="Demographics" codeSystem="2.16.840.1.113883.6.1"/>
               <sourceOf typeCode="COMP">
                  <observation classCode="OBS" moodCode="EVN" isCriterionInd="true">
                     <code code="54133-4" codeSystem="2.16.840.1.113883.6.1" displayName="Ethnicity"/>
                     <title>Patient Characteristic Ethnicity: Ethnicity</title>
                     <value xsi:type="CD" code="2.16.840.1.114222.4.11.837" codeSystem="2.16.840.1.113883.3.560.101.1" displayName="Ethnicity CDC Value Set"/>
                  </observation>
               </sourceOf>
            </act>
         </entry>
         <entry typeCode="DRIV">
            <act classCode="ACT" moodCode="EVN" isCriterionInd="true"><!-- Patient Characteristic Payer pattern -->
               <templateId root="2.16.840.1.113883.3.560.1.405"/>
               <id root="5f39a80f-0124-44e5-be18-be1aac26ae4d"/>
               <code code="45970-1" displayName="Demographics" codeSystem="2.16.840.1.113883.6.1"/>
               <sourceOf typeCode="COMP">
                  <observation classCode="OBS" moodCode="EVN" isCriterionInd="true">
                     <code code="48768-6" codeSystem="2.16.840.1.113883.6.1" displayName="Payer"/>
                     <title>Patient Characteristic Payer: Payer</title>
                     <value xsi:type="CD" code="2.16.840.1.114222.4.11.3591" codeSystem="2.16.840.1.113883.3.560.101.1" displayName="Payer Source of Payment Typology Value Set"/>
                  </observation>
               </sourceOf>
            </act>
         </entry>
      </section>
   </component>
</QualityMeasureDocument>