<?xml version="1.0" encoding="utf-8" standalone="no"?>
<?xml-stylesheet type="text/xsl" href="cda.xsl"?><!--
Date: October 31, 2012
Disclaimer: These QRDA sample files are designed to provide a file that is valid for errors against the CDA.sdtc schema and QRDA schematron using hypothetical patient data; however, the content of the QRDA sample 
documents may not have "clinically" consistent data.  Additionally, the files are valid against the referenced eMeasure to provide a general idea about the content and structure of a QDM-based QRDA. When eMeasure data 
criteria are “or”, the QRDA documents may not have all of the Quality Data Elements data criteria specified in the eMeasure. These expected errors are listed in the file where they occur. In the Patient Data Section, the 
narrative block may not consistently agree with the entries.  The narrative block does not reflect the dates/times present in the clinical statements.
-->
<ClinicalDocument xmlns="urn:hl7-org:v3" xmlns:sdtc="urn:hl7-org:sdtc" xmlns:voc="urn:hl7-org:v3/voc" xmlns:xsi="http://www.w3.org/2001/XMLSchema-instance">
  <!-- QRDA Header -->
  <realmCode code="US" />
  <typeId extension="POCD_HD000040" root="2.16.840.1.113883.1.3" />
  <!-- US Realm Header Template Id -->
  <templateId root="2.16.840.1.113883.10.20.22.1.1" />
  <!-- QRDA templateId -->
  <templateId root="2.16.840.1.113883.10.20.24.1.1" />
	<templateId root="2.16.840.1.113883.10.20.24.1.2" />
  <id root="f2d5f971-d67a-4456-8833-213f01331ca29" />
  <!-- QRDA document type code -->
  <code code="55182-0" codeSystem="2.16.840.1.113883.6.1" codeSystemName="LOINC" displayName="Quality Measure Report" />
  <title>QRDA Incidence Report</title>
  <effectiveTime value="201212310000-0400" />
  <confidentialityCode code="N" codeSystem="2.16.840.1.113883.5.25" />
  <languageCode code="en-US" />
  <setId extension="111199021" root="2.16.840.1.113883.19" />
  <!-- the original -->
  <versionNumber value="1" />
  <recordTarget>
    <patientRole>
      <id extension="12345" root="2.16.840.1.113883.4.572" />
      <addr use="HP">
        <!-- HP is "primary home" from codeSystem 2.16.840.1.113883.5.1119 -->
        <streetAddressLine>17 Daws Rd.</streetAddressLine>
        <city>Blue Bell</city>
        <state>MA</state>
        <postalCode>02368</postalCode>
        <country>US</country>
        <!-- US is "United States" from ISO 3166-1 Country Codes: 1.0.3166.1 -->
      </addr>
      <telecom use="HP" value="tel:(781)555-1212" />
      <!-- HP is "primary home" from AddressUse 2.16.840.1.113883.5.1119 -->
      <patient>
        <name use="L">
          <!-- L is "Legal" from EntityNameUse 2.16.840.1.113883.5.45 -->
          <prefix>Mr.</prefix>
          <given>Adam</given>
          <given qualifier="CL">Frankie</given>
          <!-- CL is "Call me" from EntityNamePartQualifier
               2.16.840.1.113883.5.43 -->
          <family>Everyman</family>
        </name>
        <administrativeGenderCode code="M" codeSystem="2.16.840.1.113883.5.1" displayName="Male" />
        <birthTime value="19541125" />
        <maritalStatusCode code="M" codeSystem="2.16.840.1.113883.5.2" codeSystemName="MaritalStatusCode" displayName="Married" />
        <religiousAffiliationCode code="1013" codeSystem="2.16.840.1.113883.5.1076" codeSystemName="Religious Affiliation " displayName="Christian (non-Catholic, non-specific)" />
        <raceCode code="2106-3" codeSystem="2.16.840.1.113883.6.238" codeSystemName="Race &amp; Ethnicity - CDC" displayName="White" />
        <ethnicGroupCode code="2186-5" codeSystem="2.16.840.1.113883.6.238" codeSystemName="Race &amp; Ethnicity - CDC" displayName="Not Hispanic or Latino" />
        <guardian>
          <code code="GRFTH" codeSystem="2.16.840.1.113883.5.111" codeSystemName="RoleCode" displayName="Grandfather" />
          <addr use="HP">
            <streetAddressLine>17 Daws Rd.</streetAddressLine>
            <city>Blue Bell</city>
            <state>MA</state>
            <postalCode>02368</postalCode>
            <country>US</country>
          </addr>
          <telecom use="HP" value="tel:(781)555-1212" />
          <guardianPerson>
            <name>
              <given>Ralph</given>
              <family>Relative</family>
            </name>
          </guardianPerson>
        </guardian>
        <birthplace>
          <place>
            <addr>
              <state>MA</state>
              <postalCode>02368</postalCode>
              <country>US</country>
            </addr>
          </place>
        </birthplace>
        <languageCommunication>
          <languageCode code="fr-CN" />
          <modeCode code="RWR" codeSystem="2.16.840.1.113883.5.60" codeSystemName="LanguageAbilityMode" displayName="Receive Written" />
          <preferenceInd value="true" />
        </languageCommunication>
      </patient>
      <providerOrganization>
        <id root="2.16.840.1.113883.19" />
        <name>Good Health Clinic</name>
        <telecom use="WP" value="tel:(781)555-1212" />
        <addr>
          <streetAddressLine>21 North Ave</streetAddressLine>
          <city>Burlington</city>
          <state>MA</state>
          <postalCode>02368</postalCode>
          <country>US</country>
        </addr>
      </providerOrganization>
    </patientRole>
  </recordTarget>

  <author>
    <time value="20050329224411+0500" />
    <assignedAuthor>
      <id nullFlavor="UNK" root="2.16.840.1.113883.4.6" />
      <addr>
        <streetAddressLine>21 North Ave.</streetAddressLine>
        <city>Burlington</city>
        <state>MA</state>
        <postalCode>02368</postalCode>
        <country>US</country>
      </addr>
      <telecom use="WP" value="tel:(555)555-1003" />
      <assignedAuthoringDevice>
        <manufacturerModelName>Good Health Medical Device</manufacturerModelName>
        <softwareName>Good Health Report Generator</softwareName>
      </assignedAuthoringDevice>
    </assignedAuthor>
  </author>

  <custodian>
    <assignedCustodian>
      <representedCustodianOrganization>
        <id root="2.16.840.1.113883.19.5" />
        <name>Good Health Clinic</name>
        <telecom use="WP" value="tel:(555)555-1212" />
        <addr use="WP">
          <streetAddressLine>17 Daws Rd.</streetAddressLine>
          <city>Blue Bell</city>
          <state>MA</state>
          <postalCode>02368</postalCode>
          <country>US</country>
        </addr>
      </representedCustodianOrganization>
    </assignedCustodian>
  </custodian>
  <legalAuthenticator>
    <time value="201212310000-0400" />
    <signatureCode code="S" />
    <assignedEntity>
      <id extension="KP00017" root="2.16.840.1.113883.19" />
      <addr>
        <streetAddressLine>21 North Ave.</streetAddressLine>
        <city>Burlington</city>
        <state>MA</state>
        <postalCode>02368</postalCode>
        <country>US</country>
      </addr>
      <telecom use="WP" value="tel:(555)555-1003" />
      <assignedPerson>
        <name>
          <given>Henry</given>
          <family>Seven</family>
        </name>
      </assignedPerson>
    </assignedEntity>
  </legalAuthenticator>


  <!--  QRDA Body -->
  <component>
    <structuredBody>

      <component>
        <section>
          <!-- 
    *****************************************************************
    Measure Section
    *****************************************************************
  -->
          <!-- This is the templateId for Measure Section -->
          <templateId root="2.16.840.1.113883.10.20.24.2.2" />
          <!-- This is the templateId for Measure Section QDM -->
          <templateId root="2.16.840.1.113883.10.20.24.2.3" />
          <!-- This is the LOINC code for "Measure document". This stays the same for 
    all measure section required by QRDA standard -->
          <code code="55186-1" codeSystem="2.16.840.1.113883.6.1" />
          <title>Measure Section</title>
          <text>
            <table border="1" width="100%">
              <thead>
                <tr>
                  <th>eMeasure Title</th>
                  <th>Version neutral identifier</th>
                  <th>eMeasure Version Number</th>
                  <th>NQF eMeasure Number</th>
                  <th>Version specific identifier</th>
                </tr>
              </thead>
              <tbody>
                <tr>
                  <td>Stroke Education</td>
                  <td>217fdf0d-3d64-4720-9116-d5e5afa27f2c</td>
                  <td>0</td>
                  <td>0440</td>
                  <td>8a4d92b2-373f-82e2-0137-760c4d846851</td>
                </tr>
              </tbody>
            </table>
          </text>
          <entry>
            <organizer classCode="CLUSTER" moodCode="EVN">
              <!-- This is the templateId for Measure Reference -->
              <templateId root="2.16.840.1.113883.10.20.24.3.98" />
              <!-- This is the templateId for eMeasure Reference QDM -->
              <templateId root="2.16.840.1.113883.10.20.24.3.97" />
              <statusCode code="completed" />
              <reference typeCode="REFR">
                <externalDocument classCode="DOC" moodCode="EVN">
                  <!-- SHALL: This is the version specific identifier for eMeasure:   QualityMeasureDocument/id  it is a GUID-->
                  <id root="8a4d92b2-373f-82e2-0137-760c4d846851" />
                  <!-- SHOULD: This is the NQF Number, root is an NQF OID and for    eMeasure Number and extension is the eMeasure's NQF number -->
                  <id extension="0440" root="2.16.840.1.113883.3.560.1" />
                  <!-- SHOULD This is the title of the eMeasure -->
                  <text>Stroke Education</text>
                  <!-- SHOULD: setId is the eMeasure version neutral id  -->
                  <setId root="217fdf0d-3d64-4720-9116-d5e5afa27f2c" />
                  <!-- This is the sequential eMeasure Version number -->
                  <versionNumber value="1" />
                </externalDocument>
              </reference>
            </organizer>
          </entry>
        </section>
      </component>
      <component>
        <!-- 	Reporting Parameters -->
        <section>
          <templateId root="2.16.840.1.113883.10.20.17.2.1" />
          <code code="55187-9" codeSystem="2.16.840.1.113883.6.1" />
          <title>Reporting Parameters</title>
          <text>
            <list>
				<item>Reporting period: 01 Jan 2012 - 31 Dec 2012</item>
			</list>
          </text>
          <entry typeCode="DRIV">
            <act classCode="ACT" moodCode="EVN">
              <templateId root="2.16.840.1.113883.10.20.17.3.8" />
              <code code="252116004" codeSystem="2.16.840.1.113883.6.96" displayName="Observation Parameters" />
              <effectiveTime>
                <low value="20120101" />
                <high value="20121231" />
              </effectiveTime>
            </act>
          </entry>
        </section>
      </component>
      <component>
        <section>
          <templateId root="2.16.840.1.113883.10.20.17.2.4" /><templateId root="2.16.840.1.113883.10.20.24.2.1" />
          <code code="55188-7" codeSystem="2.16.840.1.113883.6.1" />
          <title>Patient Data</title>
          
          <text>
            <table border="1" width="100%">
              <thead>
                <tr>
                  <th>Data Element - Value</th>
                </tr>
              </thead>
              <tbody>
                <tr>
                  <td>Intervention, Performed: Palliative Care - palliative care (regime/therapy)</td>
                </tr>
                <tr>
                  <td>Communication: From Provider to Patient: Written Information Given - Patient given written
                    information (qualifier value)</td>
                </tr>
                <tr>
                  <td>Patient Characteristic Clinical Trial Participant: Clinical Trial Participant - Clinical Trial
                    Participant (person)</td>
                </tr>
                <tr>
                  <td>Diagnosis, Active: Hemorrhagic Stroke - Intracerebral hemorrhage</td>
                </tr>
                <tr>
                  <td>Intervention, Order: Palliative Care - palliative care (regime/therapy)</td>
                </tr>
                <tr>
                  <td>Encounter, Performed: Inpatient Encounter - hospital admission, urgent, 48 hours (procedure)</td>
                </tr>
                <tr>
                  <td>Encounter, Performed: Emergency Department Visit - Emergency Department visit (procedure)</td>
                </tr>
                <tr>
                  <td>Patient Characteristic Payer: Payer - State Government</td>
                </tr>
                <tr>
                  <td>Diagnosis, Active: Ischemic Stroke - Occlusion and stenosis of precerebral arteries, vertebral
                    artery, with cerebral infarction</td>
                </tr>
                <tr>
                  <td>Communication: From Provider to Patient: Activation of Emergency Medical System Education -
                    Emergency treatment education (procedure)</td>
                </tr>
                <tr>
                  <td>Communication: From Provider to Patient: Warning Signs and Symptoms Education - Signs and Symptoms
                    education (procedure)</td>
                </tr>
                <tr>
                  <td>Communication: From Provider to Patient: Instructions for Follow Up After Discharge - Patient
                    follow up planned and scheduled (procedure)</td>
                </tr>
                <tr>
                  <td>Communication: From Provider to Patient: Risk Factors Education - Raising Awareness of Risks
                    (procedure)</td>
                </tr>
                <tr>
                  <td>Communication: From Provider to Patient: Prescribed Medications Education - Prescribed medication
                    education (procedure)</td>
                </tr>

              </tbody>
            </table>
          </text>
          <entry typeCode="DRIV">
            <act classCode="ACT" moodCode="EVN">
              <!-- Consolidation CDA: Procedure Activity Act template -->
              <templateId root="2.16.840.1.113883.10.20.22.4.12" />
              <templateId root="2.16.840.1.113883.10.20.24.3.32" />
              <id root="db734647-fc99-424c-a864-7e3cda82e703" />
              <code code="103735009" codeSystem="2.16.840.1.113883.6.96" codeSystemName="SNOMED-CT" displayName="palliative care (regime/therapy)" sdtc:valueSet="2.16.840.1.113883.3.526.2.1076" />

              <statusCode code="completed" />
              <effectiveTime>
                <low value="201203011130" />
                 <high value="201204011200" />
              </effectiveTime>
            </act>
          </entry>
          <entry typeCode="DRIV">
            <act classCode="ACT" moodCode="EVN">
              <templateId root="2.16.840.1.113883.10.20.24.3.3" />
              <id root="F3D6FD73-B2C0-4274-BFD2-A485957734DB" />
              <code code="413318004" codeSystem="2.16.840.1.113883.6.96" codeSystemName="SNOMED-CT" displayName="Patient given written information (qualifier value)" sdtc:valueSet="2.16.840.1.113883.3.117.1.7.1.415" />
              <text>Communication, From provider to patient: Provision of copy of letter from specialist to
                patient</text>
              <statusCode code="completed" />

              <effectiveTime>
                <low value="20110101" />
                <!-- <high value="20111231" /> -->
              </effectiveTime>

              <participant typeCode="AUT">
                <participantRole classCode="ASSIGNED">
                  <code code="158965000" codeSystem="2.16.840.1.113883.6.96" codeSystemName="SNOMED CT" displayName="Medical Practitioner" />
                </participantRole>
              </participant>

              <participant typeCode="IRCP">
                <participantRole classCode="PAT" />
              </participant>

            </act>
          </entry>
          <entry typeCode="DRIV">
            <observation classCode="OBS" moodCode="EVN">
              <templateId root="2.16.840.1.113883.10.20.24.3.51" />
              <id root="F3D6FD73-B2C0-4274-BFD2-A485957734DB" />
              <code code="ASSERTION" codeSystem="2.16.840.1.113883.5.4" />
              <statusCode code="active" />
              <effectiveTime>
                <low value="20110101" />
                <!-- <high value="20111231" /> -->
              </effectiveTime>
              <value code="428024001" codeSystem="2.16.840.1.113883.6.96" codeSystemName="SNOMED CT" displayName="clinical trial participant" xsi:type="CD" />

            </observation>
          </entry>
          <entry typeCode="DRIV">
            <observation classCode="OBS" moodCode="EVN">
              <!--  Problem observation template -->
              <templateId root="2.16.840.1.113883.10.20.22.4.4" />
              <!-- Diagnosis, active template -->
              <templateId root="2.16.840.1.113883.10.20.24.3.11" />
              <id root="2a620155-9d11-439e-92b3-5d9815ff4de8" />
              <code code="282291009" codeSystem="2.16.840.1.113883.6.96" codeSystemName="SNOMED CT" displayName="diagnosis" />
              <statusCode code="completed" />
              <effectiveTime>
                <!-- Attribute: Start Datetime -->
                <low value="20120329090000+0500" />
                <!-- Attribute: Stop Datetime -->
                <high value="20120329103000+0500" />
              </effectiveTime>
              <priorityCode code="63161005" codeSystem="2.16.840.1.113883.6.96" codeSystemName="SNOMED CT" displayName="Principal" />
              <value code="431" codeSystem="2.16.840.1.113883.6.2" codeSystemName="ICD-9" displayName="Intracerebral hemorrhage" sdtc:valueSet="2.16.840.1.113883.3.117.1.7.1.212" xsi:type="CD" />

              <!-- Status -->
              <entryRelationship typeCode="REFR">
                <observation classCode="OBS" moodCode="EVN">
                  <!-- Problem Status (consolidation) template -->
                  <templateId root="2.16.840.1.113883.10.20.22.4.6" />
                  <!-- Problem Status, Active template -->
                  <templateId root="2.16.840.1.113883.10.20.24.3.94" />
                  <id root="bb0df042-77ee-4ee2-bc85-24adffdef4cc" />
                  <code code="33999-4" codeSystem="2.16.840.1.113883.6.1" codeSystemName="LOINC" displayName="status" />
                  <statusCode code="completed" />
                  <value code="55561003" codeSystem="2.16.840.1.113883.6.96" codeSystemName="SNOMED CT" displayName="active" xsi:type="CD" />
                </observation>

              </entryRelationship>
            </observation>
          </entry>
          <entry typeCode="DRIV">
            <act classCode="ACT" moodCode="RQO">
              <!-- Plan of Care Activity Act template -->
              <templateId root="2.16.840.1.113883.10.20.22.4.39" />
              <!-- Intervention Order template -->
              <templateId root="2.16.840.1.113883.10.20.24.3.31" />
              <id root="db734647-fc99-424c-a864-7e3cda82e703" />
              <code code="103735009" codeSystem="2.16.840.1.113883.6.96" codeSystemName="SNOMED-CT" displayName="palliative care (regime/therapy)" sdtc:valueSet="2.16.840.1.113883.3.526.2.1076" />
              <statusCode code="completed" />
              <effectiveTime value="20110305" />
              <author>
                <time value="20120401" />
                <assignedAuthor>
                  <id root="88414c01-715a-45bb-83bb-db7ac860fe9d" />
                </assignedAuthor>
              </author>
            </act>
          </entry>
          <entry typeCode="DRIV">
            <encounter classCode="ENC" moodCode="EVN">
              <!--  Encounter activities template -->
              <templateId root="2.16.840.1.113883.10.20.22.4.49" />
              <!-- Encounter performed template -->
              <templateId root="2.16.840.1.113883.10.20.24.3.23" />
              <id root="2a620155-9d11-439e-92b3-5d9815ff4de8" />
              <code code="2252009" codeSystem="2.16.840.1.113883.6.96" codeSystemName="SNOMED-CT" displayName="hospital admission, urgent, 48 hours (procedure)" sdtc:valueSet="2.16.840.1.113883.3.117.1.7.1.23" />
              <text>Encounter, Performed: Prenatal initial visit</text>
              <statusCode code="completed" />

              <!-- Length of Stay -->
              <effectiveTime>
                <!-- Attribute: admission datetime -->
                <low value="20120329090000+0500" />
                <!-- Attribute: discharge datetime -->
                <high value="20120329103000+0500" />
              </effectiveTime>

            </encounter>
          </entry>
          <entry typeCode="DRIV">
            <encounter classCode="ENC" moodCode="EVN">
              <!--  Encounter activities template -->
              <templateId root="2.16.840.1.113883.10.20.22.4.49" />
              <!-- Encounter performed template -->
              <templateId root="2.16.840.1.113883.10.20.24.3.23" />
              <id root="2a620155-9d11-439e-92b3-5d9815ff4de8" />
              <code code="4525004" codeSystem="2.16.840.1.113883.6.96" codeSystemName="SNOMED-CT" displayName="Emergency Department visit (procedure)" sdtc:valueSet="2.16.840.1.113883.3.117.1.7.1.292" />
              <text>Encounter, Performed: Prenatal initial visit</text>
              <statusCode code="completed" />

              <!-- Length of Stay -->
              <effectiveTime>
                <!-- Attribute: admission datetime -->
                <low value="20120329090000+0500" />
                <!-- Attribute: discharge datetime -->
                <high value="20120329103000+0500" />
              </effectiveTime>

            </encounter>
          </entry>
          <entry typeCode="DRIV">
            <observation classCode="OBS" moodCode="EVN">
              <templateId root="2.16.840.1.113883.10.20.24.3.55" />
              <id root="4ddf1cc3-e325-472e-ad76-b2c66a5ee164" />
              <code code="48768-6" codeSystem="2.16.840.1.113883.6.1" codeSystemName="LOINC" displayName="Payment source" />
              <statusCode code="completed" />
              <value code="1" codeSystem="2.16.840.1.113883.3.221.5" codeSystemName="Source of Payment Typology" displayName="Medicare" sdtc:valueSet="2.16.840.1.114222.4.11.3591" xsi:type="CD" />
            </observation>
          </entry>
          <entry typeCode="DRIV">
            <observation classCode="OBS" moodCode="EVN">
              <!--  Problem observation template -->
              <templateId root="2.16.840.1.113883.10.20.22.4.4" />
              <!-- Diagnosis, active template -->
              <templateId root="2.16.840.1.113883.10.20.24.3.11" />
              <id root="2a620155-9d11-439e-92b3-5d9815ff4de8" />
              <code code="282291009" codeSystem="2.16.840.1.113883.6.96" codeSystemName="SNOMED CT" displayName="diagnosis" />
              <statusCode code="completed" />
              <effectiveTime>
                <!-- Attribute: Start Datetime -->
                <low value="20120329090000+0500" />
                <!-- Attribute: Stop Datetime -->
                <high value="20120329103000+0500" />
              </effectiveTime>
              <priorityCode code="63161005" codeSystem="2.16.840.1.113883.6.96" codeSystemName="SNOMED CT" displayName="Principal" />
              <value code="433.21" codeSystem="2.16.840.1.113883.6.2" codeSystemName="ICD-9" displayName="Occlusion and stenosis of precerebral arteries,   vertebral artery, with cerebral infarction" sdtc:valueSet="2.16.840.1.113883.3.117.1.7.1.247" xsi:type="CD" />

              <!-- Status -->
              <entryRelationship typeCode="REFR">
                <observation classCode="OBS" moodCode="EVN">
                  <!-- Problem Status (consolidation) template -->
                  <templateId root="2.16.840.1.113883.10.20.22.4.6" />
                  <!-- Problem Status, Active template -->
                  <templateId root="2.16.840.1.113883.10.20.24.3.94" />
                  <id root="bb0df042-77ee-4ee2-bc85-24adffdef4cc" />
                  <code code="33999-4" codeSystem="2.16.840.1.113883.6.1" codeSystemName="LOINC" displayName="status" />
                  <statusCode code="completed" />
                  <value code="55561003" codeSystem="2.16.840.1.113883.6.96" codeSystemName="SNOMED CT" displayName="active" xsi:type="CD" />
                </observation>

              </entryRelationship>
            </observation>
          </entry>
          <entry typeCode="DRIV">
            <act classCode="ACT" moodCode="EVN">
              <templateId root="2.16.840.1.113883.10.20.24.3.3" />
              <id root="F3D6FD73-B2C0-4274-BFD2-A485957734DB" />
              <code code="385867000" codeSystem="2.16.840.1.113883.6.96" codeSystemName="SNOMED-CT" displayName="Emergency treatment education (procedure)" sdtc:valueSet="2.16.840.1.113883.3.117.1.7.1.377" />
              <text>Communication, From provider to patient: Provision of copy of letter from specialist to
                patient</text>
              <statusCode code="completed" />

              <effectiveTime>
                <low value="20110101" />
                <!-- <high value="20111231" /> -->
              </effectiveTime>

              <participant typeCode="AUT">
                <participantRole classCode="ASSIGNED">
                  <code code="158965000" codeSystem="2.16.840.1.113883.6.96" codeSystemName="SNOMED CT" displayName="Medical Practitioner" />
                </participantRole>
              </participant>

              <participant typeCode="IRCP">
                <participantRole classCode="PAT" />
              </participant>

            </act>
          </entry>
          <entry typeCode="DRIV">
            <act classCode="ACT" moodCode="EVN">
              <templateId root="2.16.840.1.113883.10.20.24.3.3" />
              <id root="F3D6FD73-B2C0-4274-BFD2-A485957734DB" />
              <code code="223413005" codeSystem="2.16.840.1.113883.6.96" codeSystemName="SNOMED-CT" displayName="Signs and Symptoms education (procedure)" sdtc:valueSet="2.16.840.1.113883.3.117.1.7.1.381" />
              <text>Communication, From provider to patient: Provision of copy of letter from specialist to
                patient</text>
              <statusCode code="completed" />

              <effectiveTime>
                <low value="20110101" />
                <!-- <high value="20111231" /> -->
              </effectiveTime>

              <participant typeCode="AUT">
                <participantRole classCode="ASSIGNED">
                  <code code="158965000" codeSystem="2.16.840.1.113883.6.96" codeSystemName="SNOMED CT" displayName="Medical Practitioner" />
                </participantRole>
              </participant>

              <participant typeCode="IRCP">
                <participantRole classCode="PAT" />
              </participant>

            </act>
          </entry>
          <entry typeCode="DRIV">
            <act classCode="ACT" moodCode="EVN">
              <templateId root="2.16.840.1.113883.10.20.24.3.3" />
              <id root="F3D6FD73-B2C0-4274-BFD2-A485957734DB" />
              <code code="61342007" codeSystem="2.16.840.1.113883.6.96" codeSystemName="SNOMED-CT" displayName="Patient follow up planned and scheduled (procedure)" sdtc:valueSet="2.16.840.1.113883.3.117.1.7.1.378" />
              <text>Communication, From provider to patient: Provision of copy of letter from specialist to
                patient</text>
              <statusCode code="completed" />

              <effectiveTime>
                <low value="20110101" />
                <!-- <high value="20111231" /> -->
              </effectiveTime>

              <participant typeCode="AUT">
                <participantRole classCode="ASSIGNED">
                  <code code="158965000" codeSystem="2.16.840.1.113883.6.96" codeSystemName="SNOMED CT" displayName="Medical Practitioner" />
                </participantRole>
              </participant>

              <participant typeCode="IRCP">
                <participantRole classCode="PAT" />
              </participant>

            </act>
          </entry>
          <entry typeCode="DRIV">
            <act classCode="ACT" moodCode="EVN">
              <templateId root="2.16.840.1.113883.10.20.24.3.3" />
              <id root="F3D6FD73-B2C0-4274-BFD2-A485957734DB" />
              <code code="415233007" codeSystem="2.16.840.1.113883.6.96" codeSystemName="SNOMED-CT" displayName="Raising Awareness of Risks (procedure)" sdtc:valueSet="2.16.840.1.113883.3.117.1.7.1.380" />
              <text>Communication, From provider to patient: Provision of copy of letter from specialist to
                patient</text>
              <statusCode code="completed" />

              <effectiveTime>
                <low value="20110101" />
                <!-- <high value="20111231" /> -->
              </effectiveTime>

              <participant typeCode="AUT">
                <participantRole classCode="ASSIGNED">
                  <code code="158965000" codeSystem="2.16.840.1.113883.6.96" codeSystemName="SNOMED CT" displayName="Medical Practitioner" />
                </participantRole>
              </participant>

              <participant typeCode="IRCP">
                <participantRole classCode="PAT" />
              </participant>

            </act>
          </entry>
          <entry typeCode="DRIV">
            <act classCode="ACT" moodCode="EVN">
              <templateId root="2.16.840.1.113883.10.20.24.3.3" />
              <id root="F3D6FD73-B2C0-4274-BFD2-A485957734DB" />
              <code code="386465007" codeSystem="2.16.840.1.113883.6.96" codeSystemName="SNOMED-CT" displayName="Prescribed medication education (procedure)" sdtc:valueSet="2.16.840.1.113883.3.117.1.7.1.379" />
              <text>Communication, From provider to patient: Provision of copy of letter from specialist to
                patient</text>
              <statusCode code="completed" />

              <effectiveTime>
                <low value="20110101" />
                <!-- <high value="20111231" /> -->
              </effectiveTime>

              <participant typeCode="AUT">
                <participantRole classCode="ASSIGNED">
                  <code code="158965000" codeSystem="2.16.840.1.113883.6.96" codeSystemName="SNOMED CT" displayName="Medical Practitioner" />
                </participantRole>
              </participant>

              <participant typeCode="IRCP">
                <participantRole classCode="PAT" />
              </participant>

            </act>
          </entry>
        </section>
      </component>
    </structuredBody>
  </component>

</ClinicalDocument>
