<?xml version="1.0" encoding="UTF-8"?>
<?xml-stylesheet type="text/xsl" href="xslt/eMeasure.xsl"?>
<QualityMeasureDocument xmlns:xsi="http://www.w3.org/2001/XMLSchema-instance" xmlns="urn:hl7-org:v3">
         
      <!--
         **************************************************************   
         Measure Header Section
         **************************************************************
      --><typeId root="2.16.840.1.113883.1.3" extension="POQM_HD000001"/>
   <id root="8a4d92b2-3887-5df3-0139-12364ae9126f"/>
   <code code="57024-2" codeSystem="2.16.840.1.113883.6.1" displayName="Health Quality Measure Document"/>
   <title>Hearing Screening Prior To Hospital Discharge (EHDI-1a)</title>
   <text>This measure assesses the proportion of births that have been screened for hearing loss before hospital discharge.</text>
   <statusCode code="InProgress"/>
   <setId root="0924fbae-3fdb-4d0a-aab7-9f354e699fde"/>
   <versionNumber value="1"/>
   <author typeCode="AUT">
      <assignedPerson classCode="ASSIGNED">
         <representedOrganization classCode="ORG" determinerCode="INSTANCE">
            <id root="d766d074-19c5-4ad7-9ec9-04a04c806653"/>
            <name>CDC Early Hearing Detection and Intervention Program</name>
            <contactParty classCode="CON" nullFlavor="UNK"/>
         </representedOrganization>
      </assignedPerson>
   </author>
   <author typeCode="AUT">
      <assignedPerson classCode="ASSIGNED">
         <representedOrganization classCode="ORG" determinerCode="INSTANCE">
            <id root="b61953fb-c625-482d-99c6-8055123a8e3b"/>
            <name>CDC Early Hearing Detection and Intervention Program</name>
            <contactParty classCode="CON" nullFlavor="UNK"/>
         </representedOrganization>
      </assignedPerson>
   </author>
   <custodian>
      <assignedPerson classCode="ASSIGNED">
         <representedOrganization classCode="ORG" determinerCode="INSTANCE">
            <id root="81d6f376-ebd6-4245-8c30-a696d49efa65"/>
            <name>CDC National Center on Birth Defects and Developmental Disabilities</name>
            <contactParty classCode="CON" nullFlavor="UNK"/>
         </representedOrganization>
      </assignedPerson>
   </custodian>
   <verifier typeCode="VRF">
      <assignedPerson classCode="ASSIGNED">
         <representedOrganization classCode="ORG" determinerCode="INSTANCE">
            <name>National Quality Forum</name>
            <contactParty classCode="CON" nullFlavor="UNK"/>
         </representedOrganization>
      </assignedPerson>
   </verifier>
   <subjectOf>
      <measureAttribute>
         <code code="COPY" codeSystem="2.16.840.1.113883.5.4" displayName="Copyright"/>
         <value xsi:type="ED" mediaType="text/plain">None</value>
      </measureAttribute>
   </subjectOf>
   <subjectOf>
      <measureAttribute>
         <code code="MSRSCORE" codeSystem="2.16.840.1.113883.5.4" displayName="Measure Scoring"/>
         <value xsi:type="CD" code="PROPOR" codeSystem="2.16.840.1.113883.1.11.20367" displayName="Proportion"/>
      </measureAttribute>
   </subjectOf>
   <subjectOf>
      <measureAttribute>
         <code code="MSRTYPE" codeSystem="2.16.840.1.113883.5.4" displayName="Measure Type"/>
         <value xsi:type="CD" code="PROCESS" codeSystem="2.16.840.1.113883.1.11.20368" displayName="Process"/>
      </measureAttribute>
   </subjectOf>
   <subjectOf>
      <measureAttribute>
         <code code="MSRTYPE" codeSystem="2.16.840.1.113883.5.4" displayName="Measure Type"/>
         <value xsi:type="CD" code="PROCESS" codeSystem="2.16.840.1.113883.1.11.20368" displayName="Process"/>
      </measureAttribute>
   </subjectOf>
   <subjectOf>
      <measureAttribute>
         <code code="STRAT" codeSystem="2.16.840.1.113883.5.4" displayName="Stratification"/>
         <value xsi:type="ED" mediaType="text/plain">None</value>
      </measureAttribute>
   </subjectOf>
   <subjectOf>
      <measureAttribute>
         <code code="MSRADJ" codeSystem="2.16.840.1.113883.5.4" displayName="Risk Adjustment"/>
         <value xsi:type="ED" mediaType="text/plain">None</value>
      </measureAttribute>
   </subjectOf>
   <subjectOf>
      <measureAttribute>
         <code code="MSRAGG" codeSystem="2.16.840.1.113883.5.4" displayName="Rate Aggregation"/>
         <value xsi:type="ED" mediaType="text/plain">None</value>
      </measureAttribute>
   </subjectOf>
   <subjectOf>
      <measureAttribute>
         <code code="RAT" codeSystem="2.16.840.1.113883.5.4" displayName="Rationale"/>
         <value xsi:type="ED" mediaType="text/plain">Birthing facility staff should review the effectiveness and timeliness of screening relative to nursery discharge. Benchmarks set within the EHCP may trigger hospital or jurisdictional compliance activities, such as re-writing of procedural guidelines or re-training of screening staff.</value>
      </measureAttribute>
   </subjectOf>
   <subjectOf>
      <measureAttribute>
         <code code="CRS" codeSystem="2.16.840.1.113883.3.560" displayName="Clinical Recommendation Statement"/>
         <value xsi:type="ED" mediaType="text/plain">None</value>
      </measureAttribute>
   </subjectOf>
   <subjectOf>
      <measureAttribute>
         <code code="IDUR" codeSystem="2.16.840.1.113883.3.560" displayName="Improvement Notation"/>
         <value xsi:type="ED" mediaType="text/plain">An increase in the rate.</value>
      </measureAttribute>
   </subjectOf>
   <subjectOf>
      <measureAttribute>
         <code nullFlavor="OTH">
            <originalText>NQF ID Number</originalText>
         </code>
         <value xsi:type="II" root="2.16.840.1.113883.3.560.1" extension="1354"/>
      </measureAttribute>
   </subjectOf>
   <subjectOf>
      <measureAttribute>
         <code code="DISC" codeSystem="2.16.840.1.113883.5.4" displayName="Disclaimer">
            <originalText>Disclaimer</originalText>
         </code>
         <value xsi:type="ED" mediaType="text/plain">None</value>
      </measureAttribute>
   </subjectOf>
   <subjectOf>
      <measureAttribute>
         <code nullFlavor="OTH">
            <originalText>eMeasure Identifier</originalText>
         </code>
         <value xsi:type="ED" mediaType="text/plain">31</value>
      </measureAttribute>
   </subjectOf>
   <subjectOf>
      <measureAttribute>
         <templateId root="2.16.840.1.113883.3.560.1.74"/>
         <id root="cc0f40de-5774-41e1-9f5b-069bd19587aa"/>
         <code code="MSRTP" displayName="Measurement period" codeSystem="2.16.840.1.113883.3.560"/>
         <value xsi:type="IVL_TS">
            <low value="00000101"/>
            <high value="00001231"/>
         </value>
      </measureAttribute>
   </subjectOf>
   <subjectOf>
      <localVariableName>measureStartDate</localVariableName>
      <measureAttribute>
         <templateId root="2.16.840.1.113883.3.560.1.75"/>
         <id root="8a64dc85-4485-4419-855d-e3d2084dad23"/>
         <code code="MSRSD" displayName="Measurement start date" codeSystem="2.16.840.1.113883.3.560"/>
         <value xsi:type="TS" value="00000101"/>
      </measureAttribute>
   </subjectOf>
   <subjectOf>
      <localVariableName>measureEndDate</localVariableName>
      <measureAttribute>
         <templateId root="2.16.840.1.113883.3.560.1.75"/>
         <id root="bcc3b775-4c76-452e-8700-a83aedc48dae"/>
         <code code="MSRED" displayName="Measurement end date" codeSystem="2.16.840.1.113883.3.560"/>
         <value xsi:type="TS" value="00001231"/>
      </measureAttribute>
   </subjectOf>
   <subjectOf>
      <measureAttribute>
         <code code="REF" codeSystem="2.16.840.1.113883.5.4" displayName="Reference"/>
         <value xsi:type="ED" mediaType="text/plain">HRSA Title V Block Grant MCHB Performance Measure: Percentage of newborns who have been screened for hearing before hospital discharge.</value>
      </measureAttribute>
   </subjectOf>
   <subjectOf>
      <measureAttribute>
         <code code="REF" codeSystem="2.16.840.1.113883.5.4" displayName="Reference"/>
         <value xsi:type="ED" mediaType="text/plain">U.S. Preventive Services Task Force (www.ahrq.gov/clinic/uspstf/uspsnbhr.htm) Year 2007 Position Statement: Principles and Guidelines for Early Hearing Detection and Intervention Programs. Joint Committee on Infant Hearing. Pediatrics 2007;120;898-921 (http://pediatrics.aappublications.org/cgi/content/full/120/4/898?ijkey=oj9BAleq21OlA&amp;keytype=ref&amp;siteid=aapjournals)</value>
      </measureAttribute>
   </subjectOf>
   <subjectOf>
      <measureAttribute>
         <code code="REF" codeSystem="2.16.840.1.113883.5.4" displayName="Reference"/>
         <value xsi:type="ED" mediaType="text/plain">HRSA Title V Block Grant MCHB Performance Measure: Percentage of newborns who have been screened for hearing before hospital discharge.</value>
      </measureAttribute>
   </subjectOf>
   <subjectOf>
      <measureAttribute>
         <code code="REF" codeSystem="2.16.840.1.113883.5.4" displayName="Reference"/>
         <value xsi:type="ED" mediaType="text/plain">U.S. Preventive Services Task Force (www.ahrq.gov/clinic/uspstf/uspsnbhr.htm) Year 2007 Position Statement: Principles and Guidelines for Early Hearing Detection and Intervention Programs. Joint Committee on Infant Hearing. Pediatrics 2007;120;898-921 (http://pediatrics.aappublications.org/cgi/content/full/120/4/898?ijkey=oj9BAleq21OlA&amp;keytype=ref&amp;siteid=aapjournals)</value>
      </measureAttribute>
   </subjectOf>
   <subjectOf>
      <measureAttribute>
         <code code="DEF" codeSystem="2.16.840.1.113883.3.560" displayName="Definition"/>
         <value xsi:type="ED" mediaType="text/plain">None</value>
      </measureAttribute>
   </subjectOf>
   <subjectOf>
      <measureAttribute>
         <code code="GUIDE" codeSystem="2.16.840.1.113883.5.4" displayName="Guidance"/>
         <value xsi:type="ED" mediaType="text/plain">The measurement period is one calendar year but the reporting period is jurisdictionally defined.&#xD;
&#xD;
The logic phrase AND: “Occurrence A of Encounter, Performed: Inpatient Encounter (reason: 'Birth')” intends to capture admission type of newborn for the encounter. Where this information is available in existing EHR structured fields (e.g. data that is fed to UB 04, field location 14), it can be used to map the criterion specified in the logic.&#xD;
&#xD;
The logic phrase AND: “Diagnosis, Active: Liveborn Born In Hospital” starts during “Occurrence A of Encounter, Performed: Inpatient Encounter” intends to capture the point of origin for the inpatient admission. Where this information is available in existing EHR structured fields (e.g. data that is fed to UB-04, field location 15), it can be used to map the criterion specified in the logic.</value>
      </measureAttribute>
   </subjectOf>
   <subjectOf>
      <measureAttribute>
         <code nullFlavor="OTH">
            <originalText>Transmission Format</originalText>
         </code>
         <value xsi:type="ED" mediaType="text/plain">None</value>
      </measureAttribute>
   </subjectOf>
   <subjectOf>
      <measureAttribute>
         <code code="IPP" codeSystem="2.16.840.1.113883.5.1063">
            <originalText>Initial Patient Population</originalText>
         </code>
         <value xsi:type="ED" mediaType="text/plain">Newborn</value>
      </measureAttribute>
   </subjectOf>
   <subjectOf>
      <measureAttribute>
         <code code="DENOM" codeSystem="2.16.840.1.113883.5.1063">
            <originalText>Denominator</originalText>
         </code>
         <value xsi:type="ED" mediaType="text/plain">All live births during the measurement time period born at a facility and, discharged without being screened, or screened prior to discharge, or screened but still not discharged.</value>
      </measureAttribute>
   </subjectOf>
   <subjectOf>
      <measureAttribute>
         <code nullFlavor="OTH">
            <originalText>Denominator Exclusions</originalText>
         </code>
         <value xsi:type="ED" mediaType="text/plain">Patient deceased prior to discharge and has not received hearing screening.</value>
      </measureAttribute>
   </subjectOf>
   <subjectOf>
      <measureAttribute>
         <code code="NUMER" codeSystem="2.16.840.1.113883.5.1063">
            <originalText>Numerator</originalText>
         </code>
         <value xsi:type="ED" mediaType="text/plain">All live births during the measurement time period born at a facility and screened for&#xD;
hearing loss prior to discharge, or screened but still not discharged; &#xD;
Or not being screened due to medical reasons or medical exclusions.</value>
      </measureAttribute>
   </subjectOf>
   <subjectOf>
      <measureAttribute>
         <code nullFlavor="OTH">
            <originalText>Numerator Exclusions</originalText>
         </code>
         <value xsi:type="ED" mediaType="text/plain">Not applicable</value>
      </measureAttribute>
   </subjectOf>
   <subjectOf>
      <measureAttribute>
         <code code="DENEXCEP" codeSystem="2.16.840.1.113883.5.1063">
            <originalText>Denominator Exceptions</originalText>
         </code>
         <value xsi:type="ED" mediaType="text/plain">None</value>
      </measureAttribute>
   </subjectOf>
   <subjectOf>
      <measureAttribute>
         <code code="MSRPOPL" codeSystem="2.16.840.1.113883.5.1063">
            <originalText>Measure Population</originalText>
         </code>
         <value xsi:type="ED" mediaType="text/plain">Not applicable</value>
      </measureAttribute>
   </subjectOf>
   <subjectOf>
      <measureAttribute>
         <code nullFlavor="OTH">
            <originalText>Measure Observations</originalText>
         </code>
         <value xsi:type="ED" mediaType="text/plain">Not applicable</value>
      </measureAttribute>
   </subjectOf>
   <subjectOf>
      <measureAttribute>
         <code nullFlavor="OTH">
            <originalText>Supplemental Data Elements</originalText>
         </code>
         <value xsi:type="ED" mediaType="text/plain">For every patient evaluated by this measure also identify payer, race, ethnicity and sex.</value>
      </measureAttribute>
   </subjectOf>
   <componentOf>
      <qualityMeasureSet classCode="ACT">
         <id root="343d018c-acb6-4255-9a69-5705862d27e4"/>
         <title>Early Hearing Detection and Intervention (EHDI)</title>
      </qualityMeasureSet>
   </componentOf>
         
      <!--
         **************************************************************   
         Population Criteria Section
         **************************************************************
      --><component typeCode="COMP">
      <section>
         <code code="57026-7" codeSystem="2.16.840.1.113883.6.1" displayName="Population criteria"/>
         <title>Population criteria</title>
         <text>
            <list>
               <item>
                  <content styleCode="Bold">Initial Patient Population =</content>
                  <list>
                     <item>AND: "Diagnosis, Active: Livebirth (ordinality: 'Principal Diagnosis')" starts during "Occurrence A of Encounter, Performed: Inpatient Encounter"</item>
                     <item>AND: "Occurrence A of Encounter, Performed: Inpatient Encounter (reason: 'Birth')" during "Measurement Period"</item>
                     <item>AND: "Diagnosis, Active: Liveborn Born In Hospital" starts during "Occurrence A of Encounter, Performed: Inpatient Encounter"</item>
                  </list>
               </item>
               <item>
                  <content styleCode="Bold">Denominator =</content>
                  <list>
                     <item>AND: "Initial Patient Population"</item>
                  </list>
               </item>
               <item>
                  <content styleCode="Bold">Denominator Exclusions =</content>
                  <list>
                     <item>AND NOT: <list>
                           <item>OR: "Diagnostic Study, Result: Hearing Examination"</item>
                           <item>OR: "Diagnostic Study, Result: Newborn Hearing Screen Left"</item>
                           <item>OR: "Diagnostic Study, Result: Newborn Hearing Screen Right"</item>
                           <item> during "Occurrence A of Encounter, Performed: Inpatient Encounter"</item>
                        </list>
                     </item>
                     <item>AND: "Patient Characteristic Expired: Patient Expired" during "Occurrence A of Encounter, Performed: Inpatient Encounter"</item>
                  </list>
               </item>
               <item>
                  <content styleCode="Bold">Numerator =</content>
                  <list>
                     <item>AND: <list>
                           <item>OR: "Diagnostic Study, Result not done: Medical Reasons" for "Newborn Hearing Screen Left LOINC Value Set"</item>
                           <item>OR: "Diagnostic Study, Result not done: Medical Reasons" for "Newborn Hearing Screen Right LOINC Value Set"</item>
                           <item>OR: "Diagnostic Study, Result: Hearing Examination"</item>
                           <item>OR: "Diagnostic Study, Result not done: Medical Reasons" for "Hearing Examination SNOMED-CT Value Set"</item>
                           <item>OR: <list>
                                 <item>AND: "Diagnostic Study, Result: Newborn Hearing Screen Left (result: 'Pass Or Refer')"</item>
                                 <item>AND: "Diagnostic Study, Result: Newborn Hearing Screen Right (result: 'Pass Or Refer')"</item>
                              </list>
                           </item>
                           <item> during "Occurrence A of Encounter, Performed: Inpatient Encounter"</item>
                        </list>
                     </item>
                  </list>
               </item>
               <item>
                  <content styleCode="Bold">Denominator Exceptions =</content>
                  <list>
                     <item>None</item>
                  </list>
               </item>
            </list>
         </text><!--
            **************************************************************   
            Population Criteria Section: exclusions 
            **************************************************************
      -->
         <entry typeCode="DRIV">
            <observation classCode="OBS" moodCode="EVN" isCriterionInd="true" actionNegationInd="true">
               <id root="06939B16-7A8C-411C-B8AA-5018537D7D48"/>
               <code code="ASSERTION" codeSystem="2.16.840.1.113883.5.4"/>
               <value xsi:type="CD" code="DENOM" codeSystem="2.16.840.1.113883.5.1063" codeSystemName="HL7 Observation Value" displayName="Denominator"/><!--  top and/or -->
               <sourceOf typeCode="PRCN">
                  <conjunctionCode code="AND"/>
                  <act classCode="ACT" moodCode="EVN" isCriterionInd="true" actionNegationInd="true">
                     <sourceOf typeCode="PRCN">
                        <conjunctionCode code="OR"/>
                        <act classCode="ACT" moodCode="EVN" isCriterionInd="true"><!-- Diagnostic Study, Result pattern -->
                           <templateId root="2.16.840.1.113883.3.560.1.11"/>
                           <id root="08e93a53-9658-4f76-bb59-01a48501259a"/>
                           <code code="30954-2" displayName="Results" codeSystem="2.16.840.1.113883.6.1"/>
                           <sourceOf typeCode="COMP">
                              <observation classCode="OBS" moodCode="EVN" isCriterionInd="true">
                                 <code code="2.16.840.1.114222.4.1.214079.1.1.2" displayName="Hearing Examination SNOMED-CT Value Set" codeSystem="2.16.840.1.113883.3.560.101.1"/>
                                 <title>Diagnostic Study, Result: Hearing Examination</title>
                                 <statusCode code="completed"/>
                              </observation>
                           </sourceOf>
                        </act>
                     </sourceOf>
                     <sourceOf typeCode="PRCN">
                        <conjunctionCode code="OR"/>
                        <act classCode="ACT" moodCode="EVN" isCriterionInd="true"><!-- Diagnostic Study, Result pattern -->
                           <templateId root="2.16.840.1.113883.3.560.1.11"/>
                           <id root="f1505d47-4319-4434-a32c-164519ad7ea2"/>
                           <code code="30954-2" displayName="Results" codeSystem="2.16.840.1.113883.6.1"/>
                           <sourceOf typeCode="COMP">
                              <observation classCode="OBS" moodCode="EVN" isCriterionInd="true">
                                 <code code="2.16.840.1.114222.4.1.214079.1.1.3" displayName="Newborn Hearing Screen Left LOINC Value Set" codeSystem="2.16.840.1.113883.3.560.101.1"/>
                                 <title>Diagnostic Study, Result: Newborn Hearing Screen Left</title>
                                 <statusCode code="completed"/>
                              </observation>
                           </sourceOf>
                        </act>
                     </sourceOf>
                     <sourceOf typeCode="PRCN">
                        <conjunctionCode code="OR"/>
                        <act classCode="ACT" moodCode="EVN" isCriterionInd="true"><!-- Diagnostic Study, Result pattern -->
                           <templateId root="2.16.840.1.113883.3.560.1.11"/>
                           <id root="aa189c6f-3cef-4ae5-b1a6-0bfee5f9589c"/>
                           <code code="30954-2" displayName="Results" codeSystem="2.16.840.1.113883.6.1"/>
                           <sourceOf typeCode="COMP">
                              <observation classCode="OBS" moodCode="EVN" isCriterionInd="true">
                                 <code code="2.16.840.1.114222.4.1.214079.1.1.4" displayName="Newborn Hearing Screen Right LOINC Value Set" codeSystem="2.16.840.1.113883.3.560.101.1"/>
                                 <title>Diagnostic Study, Result: Newborn Hearing Screen Right</title>
                                 <statusCode code="completed"/>
                              </observation>
                           </sourceOf>
                        </act>
                     </sourceOf>
                     <sourceOf typeCode="DURING">
                        <act classCode="ACT" moodCode="EVN" isCriterionInd="true"><!-- Encounter, Performed pattern -->
                           <templateId root="2.16.840.1.113883.3.560.1.79"/>
                           <id root="08ea4995-3c4e-4ea3-a362-fd4e253d674f"/>
                           <code code="46240-8" codeSystem="2.16.840.1.113883.6.1" displayName="Encounter list"/>
                           <sourceOf typeCode="COMP">
                              <encounter classCode="ENC" moodCode="EVN" isCriterionInd="true">
                                 <code code="2.16.840.1.113883.3.117.1.7.1.23" displayName="Inpatient Encounter SNOMED-CT Value Set" codeSystem="2.16.840.1.113883.3.560.101.1"/>
                                 <title>Occurrence A of Encounter, Performed: Inpatient Encounter</title>
                                 <statusCode code="completed"/>
                              </encounter>
                           </sourceOf>
                        </act>
                     </sourceOf>
                  </act>
               </sourceOf>
               <sourceOf typeCode="PRCN">
                  <conjunctionCode code="AND"/>
                  <act classCode="ACT" moodCode="EVN" isCriterionInd="true"><!-- Patient Characteristic Expired pattern -->
                     <templateId root="2.16.840.1.113883.3.560.1.404"/>
                     <id root="6600f3a6-7723-4f0c-a9cc-43f17d167669"/>
                     <code code="45970-1" displayName="Demographics" codeSystem="2.16.840.1.113883.6.1"/>
                     <sourceOf typeCode="COMP">
                        <observation classCode="OBS" moodCode="EVN" isCriterionInd="true">
                           <code code="419099009" codeSystem="2.16.840.1.113883.6.96" displayName="Expired"/>
                           <title>Patient Characteristic Expired: Patient Expired</title>
                           <value xsi:type="CD" code="2.16.840.1.113883.3.67.1.101.1.78" codeSystem="2.16.840.1.113883.3.560.101.1" displayName="Patient Expired SNOMED-CT Value Set"/>
                           <sourceOf typeCode="DURING">
                              <observation classCode="OBS" moodCode="EVN" isCriterionInd="true">
                                 <id root="08ea4995-3c4e-4ea3-a362-fd4e253d674f"/>
                                 <title>Occurrence A of Encounter, Performed: Inpatient Encounter</title>
                              </observation>
                           </sourceOf>
                        </observation>
                     </sourceOf>
                  </act>
               </sourceOf>
            </observation>
         </entry><!--
            **************************************************************   
            Population Criteria Section: numerator 
            **************************************************************
      -->
         <entry typeCode="DRIV">
            <observation classCode="OBS" moodCode="EVN" isCriterionInd="true">
               <id root="6C6477E9-B7CE-4E89-928F-8BD6959A23C7"/>
               <code code="ASSERTION" codeSystem="2.16.840.1.113883.5.4"/>
               <value xsi:type="CD" code="NUMER" codeSystem="2.16.840.1.113883.5.1063" codeSystemName="HL7 Observation Value" displayName="Numerator"/><!--  top and/or -->
               <sourceOf typeCode="PRCN">
                  <conjunctionCode code="AND"/>
                  <act classCode="ACT" moodCode="EVN" isCriterionInd="true">
                     <sourceOf typeCode="PRCN">
                        <conjunctionCode code="OR"/>
                        <act classCode="ACT" moodCode="EVN" isCriterionInd="true" actionNegationInd="true"><!-- Diagnostic Study, Result pattern -->
                           <templateId root="2.16.840.1.113883.3.560.1.111"/>
                           <id root="f1505d47-4319-4434-a32c-164519ad7ea2"/>
                           <code code="30954-2" displayName="Results" codeSystem="2.16.840.1.113883.6.1"/>
                           <sourceOf typeCode="COMP">
                              <observation classCode="OBS" moodCode="EVN" isCriterionInd="true">
                                 <code code="2.16.840.1.114222.4.1.214079.1.1.3" displayName="Newborn Hearing Screen Left LOINC Value Set" codeSystem="2.16.840.1.113883.3.560.101.1"/>
                                 <title>Diagnostic Study, Result not done: Medical Reasons</title>
                                 <statusCode code="completed"/>
                                 <sourceOf typeCode="RSON">
                                    <observation classCode="OBS" moodCode="EVN" isCriterionInd="true">
                                       <code code="ASSERTION" codeSystem="2.16.840.1.113883.5.4"/>
                                       <value xsi:type="CD" code="2.16.840.1.114222.4.1.214079.1.1.7" displayName="Medical Reasons SNOMED-CT Value Set"/>
                                    </observation>
                                 </sourceOf>
                              </observation>
                           </sourceOf>
                        </act>
                     </sourceOf>
                     <sourceOf typeCode="PRCN">
                        <conjunctionCode code="OR"/>
                        <act classCode="ACT" moodCode="EVN" isCriterionInd="true" actionNegationInd="true"><!-- Diagnostic Study, Result pattern -->
                           <templateId root="2.16.840.1.113883.3.560.1.111"/>
                           <id root="aa189c6f-3cef-4ae5-b1a6-0bfee5f9589c"/>
                           <code code="30954-2" displayName="Results" codeSystem="2.16.840.1.113883.6.1"/>
                           <sourceOf typeCode="COMP">
                              <observation classCode="OBS" moodCode="EVN" isCriterionInd="true">
                                 <code code="2.16.840.1.114222.4.1.214079.1.1.4" displayName="Newborn Hearing Screen Right LOINC Value Set" codeSystem="2.16.840.1.113883.3.560.101.1"/>
                                 <title>Diagnostic Study, Result not done: Medical Reasons</title>
                                 <statusCode code="completed"/>
                                 <sourceOf typeCode="RSON">
                                    <observation classCode="OBS" moodCode="EVN" isCriterionInd="true">
                                       <code code="ASSERTION" codeSystem="2.16.840.1.113883.5.4"/>
                                       <value xsi:type="CD" code="2.16.840.1.114222.4.1.214079.1.1.7" displayName="Medical Reasons SNOMED-CT Value Set"/>
                                    </observation>
                                 </sourceOf>
                              </observation>
                           </sourceOf>
                        </act>
                     </sourceOf>
                     <sourceOf typeCode="PRCN">
                        <conjunctionCode code="OR"/>
                        <act classCode="ACT" moodCode="EVN" isCriterionInd="true"><!-- Diagnostic Study, Result pattern -->
                           <templateId root="2.16.840.1.113883.3.560.1.11"/>
                           <id root="08e93a53-9658-4f76-bb59-01a48501259a"/>
                           <code code="30954-2" displayName="Results" codeSystem="2.16.840.1.113883.6.1"/>
                           <sourceOf typeCode="COMP">
                              <observation classCode="OBS" moodCode="EVN" isCriterionInd="true">
                                 <code code="2.16.840.1.114222.4.1.214079.1.1.2" displayName="Hearing Examination SNOMED-CT Value Set" codeSystem="2.16.840.1.113883.3.560.101.1"/>
                                 <title>Diagnostic Study, Result: Hearing Examination</title>
                                 <statusCode code="completed"/>
                              </observation>
                           </sourceOf>
                        </act>
                     </sourceOf>
                     <sourceOf typeCode="PRCN">
                        <conjunctionCode code="OR"/>
                        <act classCode="ACT" moodCode="EVN" isCriterionInd="true" actionNegationInd="true"><!-- Diagnostic Study, Result pattern -->
                           <templateId root="2.16.840.1.113883.3.560.1.111"/>
                           <id root="08e93a53-9658-4f76-bb59-01a48501259a"/>
                           <code code="30954-2" displayName="Results" codeSystem="2.16.840.1.113883.6.1"/>
                           <sourceOf typeCode="COMP">
                              <observation classCode="OBS" moodCode="EVN" isCriterionInd="true">
                                 <code code="2.16.840.1.114222.4.1.214079.1.1.2" displayName="Hearing Examination SNOMED-CT Value Set" codeSystem="2.16.840.1.113883.3.560.101.1"/>
                                 <title>Diagnostic Study, Result not done: Medical Reasons</title>
                                 <statusCode code="completed"/>
                                 <sourceOf typeCode="RSON">
                                    <observation classCode="OBS" moodCode="EVN" isCriterionInd="true">
                                       <code code="ASSERTION" codeSystem="2.16.840.1.113883.5.4"/>
                                       <value xsi:type="CD" code="2.16.840.1.114222.4.1.214079.1.1.7" displayName="Medical Reasons SNOMED-CT Value Set"/>
                                    </observation>
                                 </sourceOf>
                              </observation>
                           </sourceOf>
                        </act>
                     </sourceOf>
                     <sourceOf typeCode="PRCN">
                        <conjunctionCode code="OR"/>
                        <act classCode="ACT" moodCode="EVN" isCriterionInd="true">
                           <sourceOf typeCode="PRCN">
                              <conjunctionCode code="AND"/>
                              <act classCode="ACT" moodCode="EVN" isCriterionInd="true"><!-- Diagnostic Study, Result pattern -->
                                 <templateId root="2.16.840.1.113883.3.560.1.11"/>
                                 <id root="f1505d47-4319-4434-a32c-164519ad7ea2"/>
                                 <code code="30954-2" displayName="Results" codeSystem="2.16.840.1.113883.6.1"/>
                                 <sourceOf typeCode="COMP">
                                    <observation classCode="OBS" moodCode="EVN" isCriterionInd="true">
                                       <code code="2.16.840.1.114222.4.1.214079.1.1.3" displayName="Newborn Hearing Screen Left LOINC Value Set" codeSystem="2.16.840.1.113883.3.560.101.1"/>
                                       <title>Diagnostic Study, Result: Newborn Hearing Screen Left (result: 'Pass Or Refer')</title>
                                       <statusCode code="completed"/>
                                       <sourceOf typeCode="REFR">
                                          <observation classCode="OBS" moodCode="EVN" isCriterionInd="true">
                                             <templateId root="2.16.840.1.113883.3.560.1.1019.2"/>
                                             <code code="385676005" codeSystem="2.16.840.1.113883.6.96" displayName="result" codeSystemName="SNOMED-CT"/>
                                             <value xsi:type="CD" code="2.16.840.1.114222.4.1.214079.1.1.6" codeSystem="2.16.840.1.113883.3.560.101.1" displayName="Pass Or Refer"/>
                                          </observation>
                                       </sourceOf>
                                    </observation>
                                 </sourceOf>
                              </act>
                           </sourceOf>
                           <sourceOf typeCode="PRCN">
                              <conjunctionCode code="AND"/>
                              <act classCode="ACT" moodCode="EVN" isCriterionInd="true"><!-- Diagnostic Study, Result pattern -->
                                 <templateId root="2.16.840.1.113883.3.560.1.11"/>
                                 <id root="aa189c6f-3cef-4ae5-b1a6-0bfee5f9589c"/>
                                 <code code="30954-2" displayName="Results" codeSystem="2.16.840.1.113883.6.1"/>
                                 <sourceOf typeCode="COMP">
                                    <observation classCode="OBS" moodCode="EVN" isCriterionInd="true">
                                       <code code="2.16.840.1.114222.4.1.214079.1.1.4" displayName="Newborn Hearing Screen Right LOINC Value Set" codeSystem="2.16.840.1.113883.3.560.101.1"/>
                                       <title>Diagnostic Study, Result: Newborn Hearing Screen Right (result: 'Pass Or Refer')</title>
                                       <statusCode code="completed"/>
                                       <sourceOf typeCode="REFR">
                                          <observation classCode="OBS" moodCode="EVN" isCriterionInd="true">
                                             <templateId root="2.16.840.1.113883.3.560.1.1019.2"/>
                                             <code code="385676005" codeSystem="2.16.840.1.113883.6.96" displayName="result" codeSystemName="SNOMED-CT"/>
                                             <value xsi:type="CD" code="2.16.840.1.114222.4.1.214079.1.1.6" codeSystem="2.16.840.1.113883.3.560.101.1" displayName="Pass Or Refer"/>
                                          </observation>
                                       </sourceOf>
                                    </observation>
                                 </sourceOf>
                              </act>
                           </sourceOf>
                        </act>
                     </sourceOf>
                     <sourceOf typeCode="DURING">
                        <act classCode="ACT" moodCode="EVN" isCriterionInd="true"><!-- Encounter, Performed pattern -->
                           <templateId root="2.16.840.1.113883.3.560.1.79"/>
                           <id root="08ea4995-3c4e-4ea3-a362-fd4e253d674f"/>
                           <code code="46240-8" codeSystem="2.16.840.1.113883.6.1" displayName="Encounter list"/>
                           <sourceOf typeCode="COMP">
                              <encounter classCode="ENC" moodCode="EVN" isCriterionInd="true">
                                 <code code="2.16.840.1.113883.3.117.1.7.1.23" displayName="Inpatient Encounter SNOMED-CT Value Set" codeSystem="2.16.840.1.113883.3.560.101.1"/>
                                 <title>Occurrence A of Encounter, Performed: Inpatient Encounter</title>
                                 <statusCode code="completed"/>
                              </encounter>
                           </sourceOf>
                        </act>
                     </sourceOf>
                  </act>
               </sourceOf>
            </observation>
         </entry><!--
            **************************************************************   
            Population Criteria Section: denominator 
            **************************************************************
      -->
         <entry typeCode="DRIV">
            <observation classCode="OBS" moodCode="EVN" isCriterionInd="true">
               <id root="9C0DA0B8-FF25-4D5B-A6B0-9C31BCD8C878"/>
               <code code="ASSERTION" codeSystem="2.16.840.1.113883.5.4"/>
               <value xsi:type="CD" code="DENOM" codeSystem="2.16.840.1.113883.5.1063" codeSystemName="HL7 Observation Value" displayName="Denominator"/><!--  top and/or -->
               <sourceOf typeCode="PRCN">
                  <conjunctionCode code="AND"/>
                  <observation classCode="OBS" moodCode="EVN" isCriterionInd="true">
                     <id root="BF8B2094-FF16-477C-9046-58FA07119C9D"/>
                     <title>Initial Patient Population</title>
                  </observation>
               </sourceOf>
            </observation>
         </entry><!--
            **************************************************************   
            Population Criteria Section: population 
            **************************************************************
      -->
         <entry typeCode="DRIV">
            <observation classCode="OBS" moodCode="EVN" isCriterionInd="true">
               <id root="BF8B2094-FF16-477C-9046-58FA07119C9D"/>
               <code code="ASSERTION" codeSystem="2.16.840.1.113883.5.4"/>
               <value xsi:type="CD" code="IPP" codeSystem="2.16.840.1.113883.5.1063" codeSystemName="HL7 Observation Value" displayName="Initial Patient Population"/><!--  top and/or -->
               <sourceOf typeCode="PRCN">
                  <conjunctionCode code="AND"/>
                  <act classCode="ACT" moodCode="EVN" isCriterionInd="true"><!-- Diagnosis, Active pattern -->
                     <templateId root="2.16.840.1.113883.3.560.1.2"/>
                     <id root="cd2e8001-43fa-4ef4-b121-47fd2da65788"/>
                     <code code="11450-4" displayName="Problem" codeSystem="2.16.840.1.113883.6.1"/>
                     <sourceOf typeCode="COMP">
                        <observation classCode="OBS" moodCode="EVN" isCriterionInd="true">
                           <code code="55607006" codeSystem="2.16.840.1.113883.6.96" displayName="Problem"/>
                           <title>Diagnosis, Active: Livebirth (ordinality: 'Principal Diagnosis')</title>
                           <value xsi:type="CD" code="2.16.840.1.114222.4.1.214079.1.1.1" displayName="Livebirth SNOMED-CT Value Set"/>
                           <sourceOf typeCode="REFR">
                              <observation classCode="OBS" moodCode="EVN" isCriterionInd="true">
                                 <code code="33999-4" codeSystem="2.16.840.1.113883.6.1" displayName="Status"/>
                                 <value xsi:type="CD" code="55561003" displayName="active" codeSystem="2.16.840.1.113883.6.96"/>
                              </observation>
                           </sourceOf>
                           <sourceOf typeCode="SUBJ">
                              <observation classCode="OBS" moodCode="EVN" isCriterionInd="true">
                                 <templateId root="2.16.840.1.113883.3.560.1.1012.2"/>
                                 <code code="117363000" codeSystem="2.16.840.1.113883.6.96" displayName="ordinality" codeSystemName="SNOMED-CT"/>
                                 <value xsi:type="CD" code="2.16.840.1.113883.3.117.2.7.1.14" codeSystem="2.16.840.1.113883.3.560.101.1" displayName="Principal Diagnosis"/>
                              </observation>
                           </sourceOf>
                           <sourceOf typeCode="SDU">
                              <observation classCode="OBS" moodCode="EVN" isCriterionInd="true">
                                 <id root="08ea4995-3c4e-4ea3-a362-fd4e253d674f"/>
                                 <title>Occurrence A of Encounter, Performed: Inpatient Encounter</title>
                              </observation>
                           </sourceOf>
                        </observation>
                     </sourceOf>
                  </act>
               </sourceOf>
               <sourceOf typeCode="PRCN">
                  <conjunctionCode code="AND"/>
                  <act classCode="ACT" moodCode="EVN" isCriterionInd="true"><!-- Encounter, Performed pattern -->
                     <templateId root="2.16.840.1.113883.3.560.1.79"/>
                     <id root="08ea4995-3c4e-4ea3-a362-fd4e253d674f"/>
                     <code code="46240-8" codeSystem="2.16.840.1.113883.6.1" displayName="Encounter list"/>
                     <sourceOf typeCode="COMP">
                        <encounter classCode="ENC" moodCode="EVN" isCriterionInd="true">
                           <code code="2.16.840.1.113883.3.117.1.7.1.23" displayName="Inpatient Encounter SNOMED-CT Value Set" codeSystem="2.16.840.1.113883.3.560.101.1"/>
                           <title>Occurrence A of Encounter, Performed: Inpatient Encounter (reason: 'Birth')</title>
                           <statusCode code="completed"/>
                           <sourceOf typeCode="REFR">
                              <observation classCode="OBS" moodCode="EVN" isCriterionInd="true">
                                 <templateId root="2.16.840.1.113883.3.560.1.1017.2"/>
                                 <code code="410666004" codeSystem="2.16.840.1.113883.6.96" displayName="reason" codeSystemName="SNOMED-CT"/>
                                 <value xsi:type="CD" code="2.16.840.1.113883.3.117.1.7.1.70" codeSystem="2.16.840.1.113883.3.560.101.1" displayName="Birth"/>
                              </observation>
                           </sourceOf>
                           <sourceOf typeCode="DURING">
                              <observation classCode="OBS" moodCode="EVN" isCriterionInd="true">
                                 <id root="cc0f40de-5774-41e1-9f5b-069bd19587aa"/>
                                 <title>Measurement Period</title>
                              </observation>
                           </sourceOf>
                        </encounter>
                     </sourceOf>
                  </act>
               </sourceOf>
               <sourceOf typeCode="PRCN">
                  <conjunctionCode code="AND"/>
                  <act classCode="ACT" moodCode="EVN" isCriterionInd="true"><!-- Diagnosis, Active pattern -->
                     <templateId root="2.16.840.1.113883.3.560.1.2"/>
                     <id root="8e0f2ef3-0821-4b97-838f-f36bbe1ca027"/>
                     <code code="11450-4" displayName="Problem" codeSystem="2.16.840.1.113883.6.1"/>
                     <sourceOf typeCode="COMP">
                        <observation classCode="OBS" moodCode="EVN" isCriterionInd="true">
                           <code code="55607006" codeSystem="2.16.840.1.113883.6.96" displayName="Problem"/>
                           <title>Diagnosis, Active: Liveborn Born In Hospital</title>
                           <value xsi:type="CD" code="2.16.840.1.113883.3.117.1.7.1.29" displayName="Liveborn Born In Hospital SNOMED-CT Value Set"/>
                           <sourceOf typeCode="REFR">
                              <observation classCode="OBS" moodCode="EVN" isCriterionInd="true">
                                 <code code="33999-4" codeSystem="2.16.840.1.113883.6.1" displayName="Status"/>
                                 <value xsi:type="CD" code="55561003" displayName="active" codeSystem="2.16.840.1.113883.6.96"/>
                              </observation>
                           </sourceOf>
                           <sourceOf typeCode="SDU">
                              <observation classCode="OBS" moodCode="EVN" isCriterionInd="true">
                                 <id root="08ea4995-3c4e-4ea3-a362-fd4e253d674f"/>
                                 <title>Occurrence A of Encounter, Performed: Inpatient Encounter</title>
                              </observation>
                           </sourceOf>
                        </observation>
                     </sourceOf>
                  </act>
               </sourceOf>
            </observation>
         </entry>
      </section>
   </component>
         
      <!--
         ******************************************   
         Data Criteria Section
         ******************************************
      --><component typeCode="COMP">
      <section>
         <code code="57025-9" codeSystem="2.16.840.1.113883.6.1" displayName="Data criteria (QDM Data Elements)"/>
         <title>Data criteria (QDM Data Elements)</title>
         <text>
            <list>
               <item>
                  <content>"Diagnosis, Active: Livebirth"</content> using "Livebirth SNOMED-CT Value Set (2.16.840.1.114222.4.1.214079.1.1.1)"</item>
               <item>
                  <content>"Diagnosis, Active: Liveborn Born In Hospital"</content> using "Liveborn Born In Hospital SNOMED-CT Value Set (2.16.840.1.113883.3.117.1.7.1.29)"</item>
               <item>
                  <content>"Diagnostic Study, Result: Hearing Examination"</content> using "Hearing Examination SNOMED-CT Value Set (2.16.840.1.114222.4.1.214079.1.1.2)"</item>
               <item>
                  <content>"Diagnostic Study, Result: Newborn Hearing Screen Left"</content> using "Newborn Hearing Screen Left LOINC Value Set (2.16.840.1.114222.4.1.214079.1.1.3)"</item>
               <item>
                  <content>"Diagnostic Study, Result: Newborn Hearing Screen Right"</content> using "Newborn Hearing Screen Right LOINC Value Set (2.16.840.1.114222.4.1.214079.1.1.4)"</item>
               <item>
                  <content>"Diagnostic Study, Result not done: Medical Reasons"</content> using "Medical Reasons SNOMED-CT Value Set (2.16.840.1.114222.4.1.214079.1.1.7)"</item>
               <item>
                  <content>"Diagnostic Study, Result not done: Medical Reasons"</content> using "Medical Reasons SNOMED-CT Value Set (2.16.840.1.114222.4.1.214079.1.1.7)"</item>
               <item>
                  <content>"Diagnostic Study, Result not done: Medical Reasons"</content> using "Medical Reasons SNOMED-CT Value Set (2.16.840.1.114222.4.1.214079.1.1.7)"</item>
               <item>
                  <content>"Encounter, Performed: Inpatient Encounter"</content> using "Inpatient Encounter SNOMED-CT Value Set (2.16.840.1.113883.3.117.1.7.1.23)"</item>
               <item>
                  <content>"Patient Characteristic Expired: Patient Expired"</content> using "Patient Expired SNOMED-CT Value Set (2.16.840.1.113883.3.67.1.101.1.78)"</item>
               <item>
                  <content>Attribute: "Ordinality: Principal Diagnosis"</content> using "Principal Diagnosis SNOMED-CT Value Set  (2.16.840.1.113883.3.117.2.7.1.14)"</item>
               <item>
                  <content>Attribute: "Reason: Birth"</content> using "Birth SNOMED-CT Value Set  (2.16.840.1.113883.3.117.1.7.1.70)"</item>
               <item>
                  <content>Attribute: "Result: Pass Or Refer"</content> using "Pass Or Refer SNOMED-CT Value Set  (2.16.840.1.114222.4.1.214079.1.1.6)"</item>
            </list>
         </text>
         <entry typeCode="DRIV">
            <act classCode="ACT" moodCode="EVN" isCriterionInd="true"><!-- Diagnosis, Active pattern -->
               <templateId root="2.16.840.1.113883.3.560.1.2"/>
               <id root="cd2e8001-43fa-4ef4-b121-47fd2da65788"/>
               <code code="11450-4" displayName="Problem" codeSystem="2.16.840.1.113883.6.1"/>
               <sourceOf typeCode="COMP">
                  <observation classCode="OBS" moodCode="EVN" isCriterionInd="true">
                     <code code="55607006" codeSystem="2.16.840.1.113883.6.96" displayName="Problem"/>
                     <title>Diagnosis, Active: Livebirth</title>
                     <value xsi:type="CD" code="2.16.840.1.114222.4.1.214079.1.1.1" displayName="Livebirth SNOMED-CT Value Set"/>
                     <sourceOf typeCode="REFR">
                        <observation classCode="OBS" moodCode="EVN" isCriterionInd="true">
                           <code code="33999-4" codeSystem="2.16.840.1.113883.6.1" displayName="Status"/>
                           <value xsi:type="CD" code="55561003" displayName="active" codeSystem="2.16.840.1.113883.6.96"/>
                        </observation>
                     </sourceOf>
                  </observation>
               </sourceOf>
            </act>
         </entry>
         <entry typeCode="DRIV">
            <act classCode="ACT" moodCode="EVN" isCriterionInd="true"><!-- Encounter, Performed pattern -->
               <templateId root="2.16.840.1.113883.3.560.1.79"/>
               <id root="6b41596a-bdf8-4ba5-b4b0-946b1ac1e7ae"/>
               <code code="46240-8" codeSystem="2.16.840.1.113883.6.1" displayName="Encounter list"/>
               <sourceOf typeCode="COMP">
                  <encounter classCode="ENC" moodCode="EVN" isCriterionInd="true">
                     <code code="2.16.840.1.113883.3.117.1.7.1.23" displayName="Inpatient Encounter SNOMED-CT Value Set" codeSystem="2.16.840.1.113883.3.560.101.1"/>
                     <title>Encounter, Performed: Inpatient Encounter</title>
                     <statusCode code="completed"/>
                  </encounter>
               </sourceOf>
            </act>
         </entry>
         <entry typeCode="DRIV">
            <act classCode="ACT" moodCode="EVN" isCriterionInd="true"><!-- Patient Characteristic Expired pattern -->
               <templateId root="2.16.840.1.113883.3.560.1.404"/>
               <id root="6600f3a6-7723-4f0c-a9cc-43f17d167669"/>
               <code code="45970-1" displayName="Demographics" codeSystem="2.16.840.1.113883.6.1"/>
               <sourceOf typeCode="COMP">
                  <observation classCode="OBS" moodCode="EVN" isCriterionInd="true">
                     <code code="419099009" codeSystem="2.16.840.1.113883.6.96" displayName="Expired"/>
                     <title>Patient Characteristic Expired: Patient Expired</title>
                     <value xsi:type="CD" code="2.16.840.1.113883.3.67.1.101.1.78" codeSystem="2.16.840.1.113883.3.560.101.1" displayName="Patient Expired SNOMED-CT Value Set"/>
                  </observation>
               </sourceOf>
            </act>
         </entry>
         <entry typeCode="DRIV">
            <act classCode="ACT" moodCode="EVN" isCriterionInd="true"><!-- Diagnostic Study, Result pattern -->
               <templateId root="2.16.840.1.113883.3.560.1.11"/>
               <id root="f1505d47-4319-4434-a32c-164519ad7ea2"/>
               <code code="30954-2" displayName="Results" codeSystem="2.16.840.1.113883.6.1"/>
               <sourceOf typeCode="COMP">
                  <observation classCode="OBS" moodCode="EVN" isCriterionInd="true">
                     <code code="2.16.840.1.114222.4.1.214079.1.1.3" displayName="Newborn Hearing Screen Left LOINC Value Set" codeSystem="2.16.840.1.113883.3.560.101.1"/>
                     <title>Diagnostic Study, Result: Newborn Hearing Screen Left</title>
                     <statusCode code="completed"/>
                  </observation>
               </sourceOf>
            </act>
         </entry>
         <entry typeCode="DRIV">
            <act classCode="ACT" moodCode="EVN" isCriterionInd="true"><!-- Diagnostic Study, Result pattern -->
               <templateId root="2.16.840.1.113883.3.560.1.11"/>
               <id root="aa189c6f-3cef-4ae5-b1a6-0bfee5f9589c"/>
               <code code="30954-2" displayName="Results" codeSystem="2.16.840.1.113883.6.1"/>
               <sourceOf typeCode="COMP">
                  <observation classCode="OBS" moodCode="EVN" isCriterionInd="true">
                     <code code="2.16.840.1.114222.4.1.214079.1.1.4" displayName="Newborn Hearing Screen Right LOINC Value Set" codeSystem="2.16.840.1.113883.3.560.101.1"/>
                     <title>Diagnostic Study, Result: Newborn Hearing Screen Right</title>
                     <statusCode code="completed"/>
                  </observation>
               </sourceOf>
            </act>
         </entry>
         <entry typeCode="DRIV">
            <act classCode="ACT" moodCode="EVN" isCriterionInd="true"><!-- Diagnostic Study, Result pattern -->
               <templateId root="2.16.840.1.113883.3.560.1.11"/>
               <id root="08e93a53-9658-4f76-bb59-01a48501259a"/>
               <code code="30954-2" displayName="Results" codeSystem="2.16.840.1.113883.6.1"/>
               <sourceOf typeCode="COMP">
                  <observation classCode="OBS" moodCode="EVN" isCriterionInd="true">
                     <code code="2.16.840.1.114222.4.1.214079.1.1.2" displayName="Hearing Examination SNOMED-CT Value Set" codeSystem="2.16.840.1.113883.3.560.101.1"/>
                     <title>Diagnostic Study, Result: Hearing Examination</title>
                     <statusCode code="completed"/>
                  </observation>
               </sourceOf>
            </act>
         </entry>
         <entry typeCode="DRIV">
            <act classCode="ACT" moodCode="EVN" isCriterionInd="true"><!-- Diagnosis, Active pattern -->
               <templateId root="2.16.840.1.113883.3.560.1.2"/>
               <id root="8e0f2ef3-0821-4b97-838f-f36bbe1ca027"/>
               <code code="11450-4" displayName="Problem" codeSystem="2.16.840.1.113883.6.1"/>
               <sourceOf typeCode="COMP">
                  <observation classCode="OBS" moodCode="EVN" isCriterionInd="true">
                     <code code="55607006" codeSystem="2.16.840.1.113883.6.96" displayName="Problem"/>
                     <title>Diagnosis, Active: Liveborn Born In Hospital</title>
                     <value xsi:type="CD" code="2.16.840.1.113883.3.117.1.7.1.29" displayName="Liveborn Born In Hospital SNOMED-CT Value Set"/>
                     <sourceOf typeCode="REFR">
                        <observation classCode="OBS" moodCode="EVN" isCriterionInd="true">
                           <code code="33999-4" codeSystem="2.16.840.1.113883.6.1" displayName="Status"/>
                           <value xsi:type="CD" code="55561003" displayName="active" codeSystem="2.16.840.1.113883.6.96"/>
                        </observation>
                     </sourceOf>
                  </observation>
               </sourceOf>
            </act>
         </entry>
         <entry typeCode="DRIV">
            <act classCode="ACT" moodCode="EVN" isCriterionInd="true"><!-- Diagnostic Study, Result not done pattern -->
               <templateId root="2.16.840.1.113883.3.560.1.111"/>
               <id root="86230c17-76ca-49ff-8c04-cd877f47b97a"/>
               <code code="30954-2" displayName="Results" codeSystem="2.16.840.1.113883.6.1"/>
               <sourceOf typeCode="COMP">
                  <observation classCode="OBS" moodCode="EVN" isCriterionInd="true">
                     <code code="2.16.840.1.114222.4.1.214079.1.1.7" displayName="Medical Reasons SNOMED-CT Value Set" codeSystem="2.16.840.1.113883.3.560.101.1"/>
                     <title>Diagnostic Study, Result not done: Medical Reasons</title>
                     <statusCode code="completed"/>
                  </observation>
               </sourceOf>
            </act>
         </entry>
         <entry typeCode="DRIV">
            <act classCode="ACT" moodCode="EVN" isCriterionInd="true"><!-- Diagnostic Study, Result not done pattern -->
               <templateId root="2.16.840.1.113883.3.560.1.111"/>
               <id root="6c10ddbd-db8a-4d05-8099-3cc0ad2556e9"/>
               <code code="30954-2" displayName="Results" codeSystem="2.16.840.1.113883.6.1"/>
               <sourceOf typeCode="COMP">
                  <observation classCode="OBS" moodCode="EVN" isCriterionInd="true">
                     <code code="2.16.840.1.114222.4.1.214079.1.1.7" displayName="Medical Reasons SNOMED-CT Value Set" codeSystem="2.16.840.1.113883.3.560.101.1"/>
                     <title>Diagnostic Study, Result not done: Medical Reasons</title>
                     <statusCode code="completed"/>
                  </observation>
               </sourceOf>
            </act>
         </entry>
         <entry typeCode="DRIV">
            <act classCode="ACT" moodCode="EVN" isCriterionInd="true"><!-- Diagnostic Study, Result not done pattern -->
               <templateId root="2.16.840.1.113883.3.560.1.111"/>
               <id root="6e010d1c-8bf9-4d4c-8261-a83d45350315"/>
               <code code="30954-2" displayName="Results" codeSystem="2.16.840.1.113883.6.1"/>
               <sourceOf typeCode="COMP">
                  <observation classCode="OBS" moodCode="EVN" isCriterionInd="true">
                     <code code="2.16.840.1.114222.4.1.214079.1.1.7" displayName="Medical Reasons SNOMED-CT Value Set" codeSystem="2.16.840.1.113883.3.560.101.1"/>
                     <title>Diagnostic Study, Result not done: Medical Reasons</title>
                     <statusCode code="completed"/>
                  </observation>
               </sourceOf>
            </act>
         </entry>
         <entry typeCode="COMP">
            <observation classCode="OBS" moodCode="DEF">
               <templateId root="2.16.840.1.113883.3.560.1.79"/>
               <id root="08ea4995-3c4e-4ea3-a362-fd4e253d674f"/>
               <sourceOf typeCode="DRIV">
                  <localVariableName>Inpatient Encounter</localVariableName>
                  <observation classCode="OBS" moodCode="EVN" isCriterionInd="true">
                     <id root="6b41596a-bdf8-4ba5-b4b0-946b1ac1e7ae"/>
                  </observation>
               </sourceOf>
            </observation>
         </entry>
      </section>
   </component>
            
         <!--
            **************************************************************   
            Stratification Section
            **************************************************************
         --><component typeCode="COMP">
      <section>
         <code code="69669-0" codeSystem="2.16.840.1.113883.6.1" displayName="Population stratification description"/>
         <title>Reporting Stratification</title>
         <text>
            <list>
               <item>None</item>
            </list>
         </text>
      </section>
   </component>
         
      <!--
         ******************************************   
         Supplemental Data Elements Section
         ******************************************
      --><component typeCode="COMP">
      <section>
         <code code="69670-8" codeSystem="2.16.840.1.113883.6.1" displayName="Supplemental Data Elements"/>
         <title>Supplemental Data Elements</title>
         <text>
            <list>
               <item>
                  <content>"Patient Characteristic Ethnicity: Ethnicity"</content> using "Ethnicity CDC Value Set (2.16.840.1.114222.4.11.837)"</item>
               <item>
                  <content>"Patient Characteristic Payer: Payer"</content> using "Payer Source of Payment Typology Value Set (2.16.840.1.114222.4.11.3591)"</item>
               <item>
                  <content>"Patient Characteristic Race: Race"</content> using "Race CDC Value Set (2.16.840.1.114222.4.11.836)"</item>
               <item>
                  <content>"Patient Characteristic Sex: ONC Administrative Sex"</content> using "ONC Administrative Sex Administrative Sex Value Set (2.16.840.1.113762.1.4.1)"</item>
            </list>
         </text>
         <entry typeCode="DRIV">
            <act classCode="ACT" moodCode="EVN" isCriterionInd="true"><!-- Patient Characteristic Sex pattern -->
               <templateId root="2.16.840.1.113883.3.560.1.402"/>
               <id root="a287d16a-fcca-46f2-ad9e-7af98beeb485"/>
               <code code="45970-1" displayName="Demographics" codeSystem="2.16.840.1.113883.6.1"/>
               <sourceOf typeCode="COMP">
                  <observation classCode="OBS" moodCode="EVN" isCriterionInd="true">
                     <code code="263495000" codeSystem="2.16.840.1.113883.6.96" displayName="Sex"/>
                     <title>Patient Characteristic Sex: ONC Administrative Sex</title>
                     <value xsi:type="CD" code="2.16.840.1.113762.1.4.1" codeSystem="2.16.840.1.113883.3.560.101.1" displayName="ONC Administrative Sex Administrative Sex Value Set"/>
                  </observation>
               </sourceOf>
            </act>
         </entry>
         <entry typeCode="DRIV">
            <act classCode="ACT" moodCode="EVN" isCriterionInd="true"><!-- Patient Characteristic Race pattern -->
               <templateId root="2.16.840.1.113883.3.560.1.406"/>
               <id root="ba88344f-8977-4911-a9d3-f7d7e683ff82"/>
               <code code="45970-1" displayName="Demographics" codeSystem="2.16.840.1.113883.6.1"/>
               <sourceOf typeCode="COMP">
                  <observation classCode="OBS" moodCode="EVN" isCriterionInd="true">
                     <code code="32624-9" codeSystem="2.16.840.1.113883.6.1" displayName="Race"/>
                     <title>Patient Characteristic Race: Race</title>
                     <value xsi:type="CD" code="2.16.840.1.114222.4.11.836" codeSystem="2.16.840.1.113883.3.560.101.1" displayName="Race CDC Value Set"/>
                  </observation>
               </sourceOf>
            </act>
         </entry>
         <entry typeCode="DRIV">
            <act classCode="ACT" moodCode="EVN" isCriterionInd="true"><!-- Patient Characteristic Ethnicity pattern -->
               <templateId root="2.16.840.1.113883.3.560.1.403"/>
               <id root="1e87e94a-83be-45e1-bb7e-a2c0d916a7bb"/>
               <code code="45970-1" displayName="Demographics" codeSystem="2.16.840.1.113883.6.1"/>
               <sourceOf typeCode="COMP">
                  <observation classCode="OBS" moodCode="EVN" isCriterionInd="true">
                     <code code="54133-4" codeSystem="2.16.840.1.113883.6.1" displayName="Ethnicity"/>
                     <title>Patient Characteristic Ethnicity: Ethnicity</title>
                     <value xsi:type="CD" code="2.16.840.1.114222.4.11.837" codeSystem="2.16.840.1.113883.3.560.101.1" displayName="Ethnicity CDC Value Set"/>
                  </observation>
               </sourceOf>
            </act>
         </entry>
         <entry typeCode="DRIV">
            <act classCode="ACT" moodCode="EVN" isCriterionInd="true"><!-- Patient Characteristic Payer pattern -->
               <templateId root="2.16.840.1.113883.3.560.1.405"/>
               <id root="06e86907-5e67-4946-bdf2-2b2583d8bd93"/>
               <code code="45970-1" displayName="Demographics" codeSystem="2.16.840.1.113883.6.1"/>
               <sourceOf typeCode="COMP">
                  <observation classCode="OBS" moodCode="EVN" isCriterionInd="true">
                     <code code="48768-6" codeSystem="2.16.840.1.113883.6.1" displayName="Payer"/>
                     <title>Patient Characteristic Payer: Payer</title>
                     <value xsi:type="CD" code="2.16.840.1.114222.4.11.3591" codeSystem="2.16.840.1.113883.3.560.101.1" displayName="Payer Source of Payment Typology Value Set"/>
                  </observation>
               </sourceOf>
            </act>
         </entry>
      </section>
   </component>
</QualityMeasureDocument>