<?xml version="1.0" encoding="UTF-8"?>
<?xml-stylesheet type="text/xsl" href="xslt/eMeasure.xsl"?>
<QualityMeasureDocument xmlns:xsi="http://www.w3.org/2001/XMLSchema-instance" xmlns="urn:hl7-org:v3">
         
      <!--
         **************************************************************   
         Measure Header Section
         **************************************************************
      --><typeId root="2.16.840.1.113883.1.3" extension="POQM_HD000001"/>
   <id root="8a4d92b2-3887-5df3-0139-01954afc63b2"/>
   <code code="57024-2" codeSystem="2.16.840.1.113883.6.1" displayName="Health Quality Measure Document"/>
   <title>Assessed for Rehabilitation</title>
   <text>Ischemic or hemorrhagic stroke patients who were assessed for rehabilitation services.</text>
   <statusCode code="Complete"/>
   <setId root="7dc26160-e615-4cc2-879c-75985189ec1a"/>
   <versionNumber value="1"/>
   <author typeCode="AUT">
      <assignedPerson classCode="ASSIGNED">
         <representedOrganization classCode="ORG" determinerCode="INSTANCE">
            <id root="5d8700a5-2f1e-4043-a54b-eabc5834c924"/>
            <name>The Joint Commission</name>
            <contactParty classCode="CON" nullFlavor="UNK"/>
         </representedOrganization>
      </assignedPerson>
   </author>
   <custodian>
      <assignedPerson classCode="ASSIGNED">
         <representedOrganization classCode="ORG" determinerCode="INSTANCE">
            <id root="018399cc-4f47-4706-b3b8-51f6cddda2b2"/>
            <name>The Joint Commission</name>
            <contactParty classCode="CON" nullFlavor="UNK"/>
         </representedOrganization>
      </assignedPerson>
   </custodian>
   <verifier typeCode="VRF">
      <assignedPerson classCode="ASSIGNED">
         <representedOrganization classCode="ORG" determinerCode="INSTANCE">
            <name>National Quality Forum</name>
            <contactParty classCode="CON" nullFlavor="UNK"/>
         </representedOrganization>
      </assignedPerson>
   </verifier>
   <subjectOf>
      <measureAttribute>
         <code code="COPY" codeSystem="2.16.840.1.113883.5.4" displayName="Copyright"/>
         <value xsi:type="ED" mediaType="text/plain">Measure specifications are in the Public Domain&#xD;
&#xD;
LOINC(R) is a registered trademark of the Regenstrief Institute.&#xD;
&#xD;
This material contains SNOMED Clinical Terms (R) (SNOMED CT(c) ) copyright 2004-–2010 International Health Terminology Standards Development Organization. All rights reserved.</value>
      </measureAttribute>
   </subjectOf>
   <subjectOf>
      <measureAttribute>
         <code code="MSRSCORE" codeSystem="2.16.840.1.113883.5.4" displayName="Measure Scoring"/>
         <value xsi:type="CD" code="PROPOR" codeSystem="2.16.840.1.113883.1.11.20367" displayName="Proportion"/>
      </measureAttribute>
   </subjectOf>
   <subjectOf>
      <measureAttribute>
         <code code="MSRTYPE" codeSystem="2.16.840.1.113883.5.4" displayName="Measure Type"/>
         <value xsi:type="CD" code="PROCESS" codeSystem="2.16.840.1.113883.1.11.20368" displayName="Process"/>
      </measureAttribute>
   </subjectOf>
   <subjectOf>
      <measureAttribute>
         <code code="STRAT" codeSystem="2.16.840.1.113883.5.4" displayName="Stratification"/>
         <value xsi:type="ED" mediaType="text/plain">None</value>
      </measureAttribute>
   </subjectOf>
   <subjectOf>
      <measureAttribute>
         <code code="MSRADJ" codeSystem="2.16.840.1.113883.5.4" displayName="Risk Adjustment"/>
         <value xsi:type="ED" mediaType="text/plain">None</value>
      </measureAttribute>
   </subjectOf>
   <subjectOf>
      <measureAttribute>
         <code code="MSRAGG" codeSystem="2.16.840.1.113883.5.4" displayName="Rate Aggregation"/>
         <value xsi:type="ED" mediaType="text/plain">None</value>
      </measureAttribute>
   </subjectOf>
   <subjectOf>
      <measureAttribute>
         <code code="RAT" codeSystem="2.16.840.1.113883.5.4" displayName="Rationale"/>
         <value xsi:type="ED" mediaType="text/plain">Each year about 700,000 people experience a new or recurrent stroke, which is the nation's third leading cause of death. Approximately two thirds of these individuals survive and require rehabilitation. Stroke is a leading cause of serious, long- term disability in the United States, with about 4.4 million stroke survivors alive today. Forty percent of stroke patients are left with moderate functional impairment and 15 to 30 percent with severe disability. More than 60% of those who have experienced stroke, serious injury, or a disabling disease have never received rehabilitation. Stroke rehabilitation should begin as soon as the diagnosis of stroke is established and life- threatening problems are under control. Among the high priorities for stroke are to mobilize the patient and encourage resumption of self-care activities as soon as possible. A considerable body of evidence indicates better clinical outcomes when patients with stroke are treated in a setting that provides coordinated, multidisciplinary stroke-related evaluation and services. Effective rehabilitation interventions initiated early following stroke can enhance the recovery process and minimize functional disability. The primary goal of rehabilitation is to prevent complications, minimize impairments, and maximize function.</value>
      </measureAttribute>
   </subjectOf>
   <subjectOf>
      <measureAttribute>
         <code code="CRS" codeSystem="2.16.840.1.113883.3.560" displayName="Clinical Recommendation Statement"/>
         <value xsi:type="ED" mediaType="text/plain">A considerable body of evidence indicates better clinical outcomes when patients with stroke are treated in a setting that provides coordinated, multidisciplinary stroke-related evaluation and services. Effective rehabilitation interventions initiated early following stroke can enhance the recovery process and minimize functional disability.</value>
      </measureAttribute>
   </subjectOf>
   <subjectOf>
      <measureAttribute>
         <code code="IDUR" codeSystem="2.16.840.1.113883.3.560" displayName="Improvement Notation"/>
         <value xsi:type="ED" mediaType="text/plain">An increase in rate</value>
      </measureAttribute>
   </subjectOf>
   <subjectOf>
      <measureAttribute>
         <code nullFlavor="OTH">
            <originalText>NQF ID Number</originalText>
         </code>
         <value xsi:type="II" root="2.16.840.1.113883.3.560.1" extension="0441"/>
      </measureAttribute>
   </subjectOf>
   <subjectOf>
      <measureAttribute>
         <code code="DISC" codeSystem="2.16.840.1.113883.5.4" displayName="Disclaimer">
            <originalText>Disclaimer</originalText>
         </code>
         <value xsi:type="ED" mediaType="text/plain">None</value>
      </measureAttribute>
   </subjectOf>
   <subjectOf>
      <measureAttribute>
         <code nullFlavor="OTH">
            <originalText>eMeasure Identifier</originalText>
         </code>
         <value xsi:type="ED" mediaType="text/plain">102</value>
      </measureAttribute>
   </subjectOf>
   <subjectOf>
      <measureAttribute>
         <templateId root="2.16.840.1.113883.3.560.1.74"/>
         <id root="a28bde0e-f0aa-44fc-abff-1149a7b75afb"/>
         <code code="MSRTP" displayName="Measurement period" codeSystem="2.16.840.1.113883.3.560"/>
         <value xsi:type="IVL_TS">
            <low value="00000101"/>
            <high value="00001231"/>
         </value>
      </measureAttribute>
   </subjectOf>
   <subjectOf>
      <localVariableName>measureStartDate</localVariableName>
      <measureAttribute>
         <templateId root="2.16.840.1.113883.3.560.1.75"/>
         <id root="526c4329-ed3c-4560-b22f-cd7c7e2b6e7b"/>
         <code code="MSRSD" displayName="Measurement start date" codeSystem="2.16.840.1.113883.3.560"/>
         <value xsi:type="TS" value="00000101"/>
      </measureAttribute>
   </subjectOf>
   <subjectOf>
      <localVariableName>measureEndDate</localVariableName>
      <measureAttribute>
         <templateId root="2.16.840.1.113883.3.560.1.75"/>
         <id root="d9fcee16-0361-46e8-8386-f03c792706a9"/>
         <code code="MSRED" displayName="Measurement end date" codeSystem="2.16.840.1.113883.3.560"/>
         <value xsi:type="TS" value="00001231"/>
      </measureAttribute>
   </subjectOf>
   <subjectOf>
      <measureAttribute>
         <code code="REF" codeSystem="2.16.840.1.113883.5.4" displayName="Reference"/>
         <value xsi:type="ED" mediaType="text/plain">American Academy of Physical Medicine and Rehabilitation. Rehabilitation Helps Stroke Patients Recover Skills. AAPM&amp;R Chicago, IL Office: Author.</value>
      </measureAttribute>
   </subjectOf>
   <subjectOf>
      <measureAttribute>
         <code code="REF" codeSystem="2.16.840.1.113883.5.4" displayName="Reference"/>
         <value xsi:type="ED" mediaType="text/plain">American Academy of Physical Medicine and Rehabilitation. Urgency Key But Perseverance Pays Off. AAPM&amp;R Chicago, IL Office: Author.</value>
      </measureAttribute>
   </subjectOf>
   <subjectOf>
      <measureAttribute>
         <code code="REF" codeSystem="2.16.840.1.113883.5.4" displayName="Reference"/>
         <value xsi:type="ED" mediaType="text/plain">Bates B, Choi JY, Duncan PW, Glasberg JJ, Graham GD, Katz RC, Lamberty K, Recker D, Zorowitz R. American Heart Association/American Stroke Association- endorsed practice guideline. Veterans Affairs/Department of Defense clinical practice guideline for the management of adult stroke rehabilitation care. Stroke. 2005;36:2049. Retrieved August 2, 2007 from World Wide Web. http://stroke.ahajournals.org/cgi/content/full/36/9/2049.</value>
      </measureAttribute>
   </subjectOf>
   <subjectOf>
      <measureAttribute>
         <code code="REF" codeSystem="2.16.840.1.113883.5.4" displayName="Reference"/>
         <value xsi:type="ED" mediaType="text/plain">Management of patients with stroke. Rehabilitation, prevention and management of complications, and discharge planning, Scottish Intercollegiate network Guidelines Network (SIGN), 2002.</value>
      </measureAttribute>
   </subjectOf>
   <subjectOf>
      <measureAttribute>
         <code code="REF" codeSystem="2.16.840.1.113883.5.4" displayName="Reference"/>
         <value xsi:type="ED" mediaType="text/plain">National Institute of Neurological Disorders. Post-Stroke Rehabilitation Fact Sheet. National Institute of Neurological Disorders Bethesda, MD Office: Author.</value>
      </measureAttribute>
   </subjectOf>
   <subjectOf>
      <measureAttribute>
         <code code="REF" codeSystem="2.16.840.1.113883.5.4" displayName="Reference"/>
         <value xsi:type="ED" mediaType="text/plain">Post Stroke Rehabilitation, Clinical Practice Guideline No.16, Agency for Health Care Policy and Research (now known as Agency for Healthcare Research and Quality), 1995.</value>
      </measureAttribute>
   </subjectOf>
   <subjectOf>
      <measureAttribute>
         <code code="REF" codeSystem="2.16.840.1.113883.5.4" displayName="Reference"/>
         <value xsi:type="ED" mediaType="text/plain">VA/DoD Clinical Practice Guideline for the Management of Stroke Rehabilitation in the Primary Care Setting, 2003.</value>
      </measureAttribute>
   </subjectOf>
   <subjectOf>
      <measureAttribute>
         <code code="REF" codeSystem="2.16.840.1.113883.5.4" displayName="Reference"/>
         <value xsi:type="ED" mediaType="text/plain">Zorowitz RD, et al, the Post-Stroke Rehabilitation Outcomes Project (PSROP), Top Stroke Rehabil. 2005 Fall;12(4).</value>
      </measureAttribute>
   </subjectOf>
   <subjectOf>
      <measureAttribute>
         <code code="DEF" codeSystem="2.16.840.1.113883.3.560" displayName="Definition"/>
         <value xsi:type="ED" mediaType="text/plain">None</value>
      </measureAttribute>
   </subjectOf>
   <subjectOf>
      <measureAttribute>
         <code code="GUIDE" codeSystem="2.16.840.1.113883.5.4" displayName="Guidance"/>
         <value xsi:type="ED" mediaType="text/plain">The unit of measurement for this measure is an inpatient episode of care. Each distinct hospitalization should be reported, regardless of whether the same patient is admitted for inpatient care more than once during the measurement period. In addition, the eMeasure logic intends to represent events within or surrounding a single occurrence of an inpatient hospitalization.</value>
      </measureAttribute>
   </subjectOf>
   <subjectOf>
      <measureAttribute>
         <code nullFlavor="OTH">
            <originalText>Transmission Format</originalText>
         </code>
         <value xsi:type="ED" mediaType="text/plain">None</value>
      </measureAttribute>
   </subjectOf>
   <subjectOf>
      <measureAttribute>
         <code code="IPP" codeSystem="2.16.840.1.113883.5.1063">
            <originalText>Initial Patient Population</originalText>
         </code>
         <value xsi:type="ED" mediaType="text/plain">Patients admitted to the hospital for inpatient acute care with a principal diagnosis code for ischemic or hemorrhagic stroke with hospital stays &lt;= 120 days during the measurement period for patients age 18 and older at the time of hospital admission.</value>
      </measureAttribute>
   </subjectOf>
   <subjectOf>
      <measureAttribute>
         <code code="DENOM" codeSystem="2.16.840.1.113883.5.1063">
            <originalText>Denominator</originalText>
         </code>
         <value xsi:type="ED" mediaType="text/plain">Equals Initial Patient Population</value>
      </measureAttribute>
   </subjectOf>
   <subjectOf>
      <measureAttribute>
         <code nullFlavor="OTH">
            <originalText>Denominator Exclusions</originalText>
         </code>
         <value xsi:type="ED" mediaType="text/plain">Patients with comfort measures only documented&#xD;
Patients admitted for elective carotid intervention&#xD;
Patients discharged to another hospital&#xD;
Patients who left against medical advice&#xD;
Patients who expired&#xD;
Patients discharged to home for hospice care&#xD;
Patients discharged to a health care facility for hospice care</value>
      </measureAttribute>
   </subjectOf>
   <subjectOf>
      <measureAttribute>
         <code code="NUMER" codeSystem="2.16.840.1.113883.5.1063">
            <originalText>Numerator</originalText>
         </code>
         <value xsi:type="ED" mediaType="text/plain">Ischemic or hemorrhagic stroke patients assessed for or who received rehabilitation services.</value>
      </measureAttribute>
   </subjectOf>
   <subjectOf>
      <measureAttribute>
         <code nullFlavor="OTH">
            <originalText>Numerator Exclusions</originalText>
         </code>
         <value xsi:type="ED" mediaType="text/plain">Not Applicable</value>
      </measureAttribute>
   </subjectOf>
   <subjectOf>
      <measureAttribute>
         <code code="DENEXCEP" codeSystem="2.16.840.1.113883.5.1063">
            <originalText>Denominator Exceptions</originalText>
         </code>
         <value xsi:type="ED" mediaType="text/plain">None</value>
      </measureAttribute>
   </subjectOf>
   <subjectOf>
      <measureAttribute>
         <code code="MSRPOPL" codeSystem="2.16.840.1.113883.5.1063">
            <originalText>Measure Population</originalText>
         </code>
         <value xsi:type="ED" mediaType="text/plain">Not Applicable</value>
      </measureAttribute>
   </subjectOf>
   <subjectOf>
      <measureAttribute>
         <code nullFlavor="OTH">
            <originalText>Measure Observations</originalText>
         </code>
         <value xsi:type="ED" mediaType="text/plain">Not Applicable</value>
      </measureAttribute>
   </subjectOf>
   <subjectOf>
      <measureAttribute>
         <code nullFlavor="OTH">
            <originalText>Supplemental Data Elements</originalText>
         </code>
         <value xsi:type="ED" mediaType="text/plain">For every patient evaluated by this measure also identify payer, race, ethnicity, and sex.</value>
      </measureAttribute>
   </subjectOf>
   <componentOf>
      <qualityMeasureSet classCode="ACT">
         <id root="4f624ca5-64dc-4706-bc5d-264946aea3c6"/>
         <title>eMeasure Stroke (eSTK)</title>
      </qualityMeasureSet>
   </componentOf>
         
      <!--
         **************************************************************   
         Population Criteria Section
         **************************************************************
      --><component typeCode="COMP">
      <section>
         <code code="57026-7" codeSystem="2.16.840.1.113883.6.1" displayName="Population criteria"/>
         <title>Population criteria</title>
         <text>
            <list>
               <item>
                  <content styleCode="Bold">Initial Patient Population =</content>
                  <list>
                     <item>AND: "Patient Characteristic Birthdate: birth date"  &gt;= 18 year(s) starts before start of "Occurrence A of Encounter, Performed: Inpatient Encounter"</item>
                     <item>AND: "Occurrence A of Encounter, Performed: Inpatient Encounter (length of stay &lt;= 120 day(s))"</item>
                     <item>AND: "Occurrence A of Encounter, Performed: Inpatient Encounter (discharge datetime)" during "Measurement Period"</item>
                     <item>AND: <list>
                           <item>OR: "Diagnosis, Active: Hemorrhagic Stroke (ordinality: 'Principal Diagnosis')"</item>
                           <item>OR: "Diagnosis, Active: Ischemic Stroke (ordinality: 'Principal Diagnosis')"</item>
                           <item> starts during "Occurrence A of Encounter, Performed: Inpatient Encounter"</item>
                        </list>
                     </item>
                  </list>
               </item>
               <item>
                  <content styleCode="Bold">Denominator =</content>
                  <list>
                     <item>AND: "Initial Patient Population"</item>
                  </list>
               </item>
               <item>
                  <content styleCode="Bold">Denominator Exclusions =</content>
                  <list>
                     <item>AND: <list>
                           <item>OR: "Occurrence A of Encounter, Performed: Inpatient Encounter (reason: 'Carotid Intervention')"</item>
                           <item>OR: "Occurrence A of Encounter, Performed: Inpatient Encounter (discharge status: 'Discharge To Another Hospital')"</item>
                           <item>OR: "Occurrence A of Encounter, Performed: Inpatient Encounter (discharge status: 'Left Against Medical Advice')"</item>
                           <item>OR: "Occurrence A of Encounter, Performed: Inpatient Encounter (discharge status: 'Patient Expired')"</item>
                           <item>OR: "Occurrence A of Encounter, Performed: Inpatient Encounter (discharge status: 'Discharged to Home for Hospice Care')"</item>
                           <item>OR: "Occurrence A of Encounter, Performed: Inpatient Encounter (discharge status: 'Discharged to Health Care Facility for Hospice Care')"</item>
                           <item>OR: <list>
                                 <item>AND: "Occurrence A of Encounter, Performed: Inpatient Encounter (admission datetime)"  &lt;= 1 hour(s) starts after end of "Occurrence A of Encounter, Performed: Emergency Department Visit (facility location departure datetime)"</item>
                                 <item>AND: <list>
                                       <item>OR: "Intervention, Order: Palliative Care"</item>
                                       <item>OR: "Intervention, Performed: Palliative Care"</item>
                                       <item> starts during "Occurrence A of Encounter, Performed: Emergency Department Visit (facility location arrival datetime)"</item>
                                    </list>
                                 </item>
                              </list>
                           </item>
                           <item>OR: <list>
                                 <item>OR: "Intervention, Order: Palliative Care"</item>
                                 <item>OR: "Intervention, Performed: Palliative Care"</item>
                                 <item> starts during "Occurrence A of Encounter, Performed: Inpatient Encounter"</item>
                              </list>
                           </item>
                        </list>
                     </item>
                  </list>
               </item>
               <item>
                  <content styleCode="Bold">Numerator =</content>
                  <list>
                     <item>AND: <list>
                           <item>OR: "Occurrence A of Encounter, Performed: Inpatient Encounter (discharge status: 'Discharged to Rehabilitation Facility')"</item>
                           <item>OR: <list>
                                 <item>OR: "Procedure, Order not done: Patient Refusal" for "Rehabilitation Services Grouping Value Set"</item>
                                 <item>OR: "Procedure, Order: Rehabilitation Services"</item>
                                 <item>OR: "Procedure, Order not done: Medical Reason" for "Rehabilitation Services Grouping Value Set"</item>
                                 <item> during "Occurrence A of Encounter, Performed: Inpatient Encounter"</item>
                              </list>
                           </item>
                        </list>
                     </item>
                  </list>
               </item>
               <item>
                  <content styleCode="Bold">Denominator Exceptions =</content>
                  <list>
                     <item>None</item>
                  </list>
               </item>
            </list>
         </text><!--
            **************************************************************   
            Population Criteria Section: exclusions 
            **************************************************************
      -->
         <entry typeCode="DRIV">
            <observation classCode="OBS" moodCode="EVN" isCriterionInd="true" actionNegationInd="true">
               <id root="319D378E-63D4-4A07-97E7-8596F4376FFE"/>
               <code code="ASSERTION" codeSystem="2.16.840.1.113883.5.4"/>
               <value xsi:type="CD" code="DENOM" codeSystem="2.16.840.1.113883.5.1063" codeSystemName="HL7 Observation Value" displayName="Denominator"/><!--  top and/or -->
               <sourceOf typeCode="PRCN">
                  <conjunctionCode code="AND"/>
                  <act classCode="ACT" moodCode="EVN" isCriterionInd="true">
                     <sourceOf typeCode="PRCN">
                        <conjunctionCode code="OR"/>
                        <act classCode="ACT" moodCode="EVN" isCriterionInd="true"><!-- Encounter, Performed pattern -->
                           <templateId root="2.16.840.1.113883.3.560.1.79"/>
                           <id root="5f298cda-96e3-4865-9042-5d751b4650c0"/>
                           <code code="46240-8" codeSystem="2.16.840.1.113883.6.1" displayName="Encounter list"/>
                           <sourceOf typeCode="COMP">
                              <encounter classCode="ENC" moodCode="EVN" isCriterionInd="true">
                                 <code code="2.16.840.1.113883.3.117.1.7.1.23" displayName="Inpatient Encounter SNOMED-CT Value Set" codeSystem="2.16.840.1.113883.3.560.101.1"/>
                                 <title>Occurrence A of Encounter, Performed: Inpatient Encounter (reason: 'Carotid Intervention')</title>
                                 <statusCode code="completed"/>
                                 <sourceOf typeCode="REFR">
                                    <observation classCode="OBS" moodCode="EVN" isCriterionInd="true">
                                       <templateId root="2.16.840.1.113883.3.560.1.1017.2"/>
                                       <code code="410666004" codeSystem="2.16.840.1.113883.6.96" displayName="reason" codeSystemName="SNOMED-CT"/>
                                       <value xsi:type="CD" code="2.16.840.1.113883.3.117.1.7.1.204" codeSystem="2.16.840.1.113883.3.560.101.1" displayName="Carotid Intervention"/>
                                    </observation>
                                 </sourceOf>
                              </encounter>
                           </sourceOf>
                        </act>
                     </sourceOf>
                     <sourceOf typeCode="PRCN">
                        <conjunctionCode code="OR"/>
                        <act classCode="ACT" moodCode="EVN" isCriterionInd="true"><!-- Encounter, Performed pattern -->
                           <templateId root="2.16.840.1.113883.3.560.1.79"/>
                           <id root="5f298cda-96e3-4865-9042-5d751b4650c0"/>
                           <code code="46240-8" codeSystem="2.16.840.1.113883.6.1" displayName="Encounter list"/>
                           <sourceOf typeCode="COMP">
                              <encounter classCode="ENC" moodCode="EVN" isCriterionInd="true">
                                 <code code="2.16.840.1.113883.3.117.1.7.1.23" displayName="Inpatient Encounter SNOMED-CT Value Set" codeSystem="2.16.840.1.113883.3.560.101.1"/>
                                 <title>Occurrence A of Encounter, Performed: Inpatient Encounter (discharge status: 'Discharge To Another Hospital')</title>
                                 <statusCode code="completed"/>
                                 <sourceOf typeCode="REFR">
                                    <observation classCode="OBS" moodCode="EVN" isCriterionInd="true">
                                       <templateId root="2.16.840.1.113883.3.560.1.1003.2"/>
                                       <code code="309039003" codeSystem="2.16.840.1.113883.6.96" displayName="discharge status" codeSystemName="SNOMED-CT"/>
                                       <value xsi:type="CD" code="2.16.840.1.113883.3.117.1.7.1.87" codeSystem="2.16.840.1.113883.3.560.101.1" displayName="Discharge To Another Hospital"/>
                                    </observation>
                                 </sourceOf>
                              </encounter>
                           </sourceOf>
                        </act>
                     </sourceOf>
                     <sourceOf typeCode="PRCN">
                        <conjunctionCode code="OR"/>
                        <act classCode="ACT" moodCode="EVN" isCriterionInd="true"><!-- Encounter, Performed pattern -->
                           <templateId root="2.16.840.1.113883.3.560.1.79"/>
                           <id root="5f298cda-96e3-4865-9042-5d751b4650c0"/>
                           <code code="46240-8" codeSystem="2.16.840.1.113883.6.1" displayName="Encounter list"/>
                           <sourceOf typeCode="COMP">
                              <encounter classCode="ENC" moodCode="EVN" isCriterionInd="true">
                                 <code code="2.16.840.1.113883.3.117.1.7.1.23" displayName="Inpatient Encounter SNOMED-CT Value Set" codeSystem="2.16.840.1.113883.3.560.101.1"/>
                                 <title>Occurrence A of Encounter, Performed: Inpatient Encounter (discharge status: 'Left Against Medical Advice')</title>
                                 <statusCode code="completed"/>
                                 <sourceOf typeCode="REFR">
                                    <observation classCode="OBS" moodCode="EVN" isCriterionInd="true">
                                       <templateId root="2.16.840.1.113883.3.560.1.1003.2"/>
                                       <code code="309039003" codeSystem="2.16.840.1.113883.6.96" displayName="discharge status" codeSystemName="SNOMED-CT"/>
                                       <value xsi:type="CD" code="2.16.840.1.113883.3.117.1.7.1.308" codeSystem="2.16.840.1.113883.3.560.101.1" displayName="Left Against Medical Advice"/>
                                    </observation>
                                 </sourceOf>
                              </encounter>
                           </sourceOf>
                        </act>
                     </sourceOf>
                     <sourceOf typeCode="PRCN">
                        <conjunctionCode code="OR"/>
                        <act classCode="ACT" moodCode="EVN" isCriterionInd="true"><!-- Encounter, Performed pattern -->
                           <templateId root="2.16.840.1.113883.3.560.1.79"/>
                           <id root="5f298cda-96e3-4865-9042-5d751b4650c0"/>
                           <code code="46240-8" codeSystem="2.16.840.1.113883.6.1" displayName="Encounter list"/>
                           <sourceOf typeCode="COMP">
                              <encounter classCode="ENC" moodCode="EVN" isCriterionInd="true">
                                 <code code="2.16.840.1.113883.3.117.1.7.1.23" displayName="Inpatient Encounter SNOMED-CT Value Set" codeSystem="2.16.840.1.113883.3.560.101.1"/>
                                 <title>Occurrence A of Encounter, Performed: Inpatient Encounter (discharge status: 'Patient Expired')</title>
                                 <statusCode code="completed"/>
                                 <sourceOf typeCode="REFR">
                                    <observation classCode="OBS" moodCode="EVN" isCriterionInd="true">
                                       <templateId root="2.16.840.1.113883.3.560.1.1003.2"/>
                                       <code code="309039003" codeSystem="2.16.840.1.113883.6.96" displayName="discharge status" codeSystemName="SNOMED-CT"/>
                                       <value xsi:type="CD" code="2.16.840.1.113883.3.117.1.7.1.309" codeSystem="2.16.840.1.113883.3.560.101.1" displayName="Patient Expired"/>
                                    </observation>
                                 </sourceOf>
                              </encounter>
                           </sourceOf>
                        </act>
                     </sourceOf>
                     <sourceOf typeCode="PRCN">
                        <conjunctionCode code="OR"/>
                        <act classCode="ACT" moodCode="EVN" isCriterionInd="true"><!-- Encounter, Performed pattern -->
                           <templateId root="2.16.840.1.113883.3.560.1.79"/>
                           <id root="5f298cda-96e3-4865-9042-5d751b4650c0"/>
                           <code code="46240-8" codeSystem="2.16.840.1.113883.6.1" displayName="Encounter list"/>
                           <sourceOf typeCode="COMP">
                              <encounter classCode="ENC" moodCode="EVN" isCriterionInd="true">
                                 <code code="2.16.840.1.113883.3.117.1.7.1.23" displayName="Inpatient Encounter SNOMED-CT Value Set" codeSystem="2.16.840.1.113883.3.560.101.1"/>
                                 <title>Occurrence A of Encounter, Performed: Inpatient Encounter (discharge status: 'Discharged to Home for Hospice Care')</title>
                                 <statusCode code="completed"/>
                                 <sourceOf typeCode="REFR">
                                    <observation classCode="OBS" moodCode="EVN" isCriterionInd="true">
                                       <templateId root="2.16.840.1.113883.3.560.1.1003.2"/>
                                       <code code="309039003" codeSystem="2.16.840.1.113883.6.96" displayName="discharge status" codeSystemName="SNOMED-CT"/>
                                       <value xsi:type="CD" code="2.16.840.1.113883.3.117.1.7.1.209" codeSystem="2.16.840.1.113883.3.560.101.1" displayName="Discharged to Home for Hospice Care"/>
                                    </observation>
                                 </sourceOf>
                              </encounter>
                           </sourceOf>
                        </act>
                     </sourceOf>
                     <sourceOf typeCode="PRCN">
                        <conjunctionCode code="OR"/>
                        <act classCode="ACT" moodCode="EVN" isCriterionInd="true"><!-- Encounter, Performed pattern -->
                           <templateId root="2.16.840.1.113883.3.560.1.79"/>
                           <id root="5f298cda-96e3-4865-9042-5d751b4650c0"/>
                           <code code="46240-8" codeSystem="2.16.840.1.113883.6.1" displayName="Encounter list"/>
                           <sourceOf typeCode="COMP">
                              <encounter classCode="ENC" moodCode="EVN" isCriterionInd="true">
                                 <code code="2.16.840.1.113883.3.117.1.7.1.23" displayName="Inpatient Encounter SNOMED-CT Value Set" codeSystem="2.16.840.1.113883.3.560.101.1"/>
                                 <title>Occurrence A of Encounter, Performed: Inpatient Encounter (discharge status: 'Discharged to Health Care Facility for Hospice Care')</title>
                                 <statusCode code="completed"/>
                                 <sourceOf typeCode="REFR">
                                    <observation classCode="OBS" moodCode="EVN" isCriterionInd="true">
                                       <templateId root="2.16.840.1.113883.3.560.1.1003.2"/>
                                       <code code="309039003" codeSystem="2.16.840.1.113883.6.96" displayName="discharge status" codeSystemName="SNOMED-CT"/>
                                       <value xsi:type="CD" code="2.16.840.1.113883.3.117.1.7.1.207" codeSystem="2.16.840.1.113883.3.560.101.1" displayName="Discharged to Health Care Facility for Hospice Care"/>
                                    </observation>
                                 </sourceOf>
                              </encounter>
                           </sourceOf>
                        </act>
                     </sourceOf>
                     <sourceOf typeCode="PRCN">
                        <conjunctionCode code="OR"/>
                        <act classCode="ACT" moodCode="EVN" isCriterionInd="true">
                           <sourceOf typeCode="PRCN">
                              <conjunctionCode code="AND"/>
                              <act classCode="ACT" moodCode="EVN" isCriterionInd="true"><!-- Encounter, Performed pattern -->
                                 <templateId root="2.16.840.1.113883.3.560.1.79"/>
                                 <id root="5f298cda-96e3-4865-9042-5d751b4650c0"/>
                                 <code code="46240-8" codeSystem="2.16.840.1.113883.6.1" displayName="Encounter list"/>
                                 <sourceOf typeCode="COMP">
                                    <encounter classCode="ENC" moodCode="EVN" isCriterionInd="true">
                                       <code code="2.16.840.1.113883.3.117.1.7.1.23" displayName="Inpatient Encounter SNOMED-CT Value Set" codeSystem="2.16.840.1.113883.3.560.101.1"/>
                                       <title>Occurrence A of Encounter, Performed: Inpatient Encounter (admission datetime)</title>
                                       <statusCode code="completed"/>
                                       <sourceOf typeCode="REFR">
                                          <observation classCode="OBS" moodCode="EVN" isCriterionInd="true">
                                             <code code="399423000" codeSystem="2.16.840.1.113883.6.96" displayName="admission datetime" codeSystemName="SNOMED-CT"/>
                                             <value xsi:type="ANYNonNull"/>
                                          </observation>
                                       </sourceOf>
                                       <sourceOf typeCode="SAE">
                                          <pauseQuantity xsi:type="IVL_PQ">
                                             <high value="1" unit="h" inclusive="true"/>
                                          </pauseQuantity>
                                          <act classCode="ACT" moodCode="EVN" isCriterionInd="true"><!-- Encounter, Performed pattern -->
                                             <templateId root="2.16.840.1.113883.3.560.1.79"/>
                                             <id root="6b1bc8e9-fb3c-4aa9-8b28-4c9cf529336f"/>
                                             <code code="46240-8" codeSystem="2.16.840.1.113883.6.1" displayName="Encounter list"/>
                                             <sourceOf typeCode="COMP">
                                                <encounter classCode="ENC" moodCode="EVN" isCriterionInd="true">
                                                   <code code="2.16.840.1.113883.3.117.1.7.1.293" displayName="Emergency Department Visit Grouping Value Set" codeSystem="2.16.840.1.113883.3.560.101.1"/>
                                                   <title>Occurrence A of Encounter, Performed: Emergency Department Visit (facility location departure datetime)</title>
                                                   <statusCode code="completed"/>
                                                   <sourceOf typeCode="SUBJ">
                                                      <encounter classCode="ENC" moodCode="EVN" isCriterionInd="true">
                                                         <templateId root="2.16.840.1.113883.3.560.1.1036.1"/>
                                                         <participant typeCode="LOC">
                                                            <roleParticipant classCode="SDLOC">
                                                               <code/>
                                                               <effectiveTime xsi:type="IVL_TS">
                                                                  <high/>
                                                               </effectiveTime>
                                                            </roleParticipant>
                                                         </participant>
                                                      </encounter>
                                                   </sourceOf>
                                                </encounter>
                                             </sourceOf>
                                          </act>
                                       </sourceOf>
                                    </encounter>
                                 </sourceOf>
                              </act>
                           </sourceOf>
                           <sourceOf typeCode="PRCN">
                              <conjunctionCode code="AND"/>
                              <act classCode="ACT" moodCode="EVN" isCriterionInd="true">
                                 <sourceOf typeCode="PRCN">
                                    <conjunctionCode code="OR"/>
                                    <act classCode="ACT" moodCode="EVN" isCriterionInd="true"><!-- Intervention, Order pattern -->
                                       <templateId root="2.16.840.1.113883.3.560.1.45"/>
                                       <id root="90656f98-9989-437e-9517-51c346bbfe2f"/>
                                       <code code="18776-5" displayName="Plan of care" codeSystem="2.16.840.1.113883.6.1"/>
                                       <sourceOf typeCode="COMP">
                                          <procedure classCode="PROC" moodCode="RQO" isCriterionInd="true">
                                             <code code="2.16.840.1.113883.3.526.2.1076" displayName="Palliative Care SNOMED-CT Value Set" codeSystem="2.16.840.1.113883.3.560.101.1"/>
                                             <title>Intervention, Order: Palliative Care</title>
                                          </procedure>
                                       </sourceOf>
                                    </act>
                                 </sourceOf>
                                 <sourceOf typeCode="PRCN">
                                    <conjunctionCode code="OR"/>
                                    <act classCode="ACT" moodCode="EVN" isCriterionInd="true"><!-- Intervention, Performed pattern -->
                                       <templateId root="2.16.840.1.113883.3.560.1.46"/>
                                       <id root="2ea47b5c-fbc2-4a34-9242-7c9b5e875161"/>
                                       <code code="47519-4" displayName="Procedures" codeSystem="2.16.840.1.113883.6.1"/>
                                       <sourceOf typeCode="COMP">
                                          <procedure classCode="PROC" moodCode="EVN" isCriterionInd="true">
                                             <code code="2.16.840.1.113883.3.526.2.1076" displayName="Palliative Care SNOMED-CT Value Set" codeSystem="2.16.840.1.113883.3.560.101.1"/>
                                             <title>Intervention, Performed: Palliative Care</title>
                                             <statusCode code="completed"/>
                                          </procedure>
                                       </sourceOf>
                                    </act>
                                 </sourceOf>
                                 <sourceOf typeCode="SDU">
                                    <act classCode="ACT" moodCode="EVN" isCriterionInd="true"><!-- Encounter, Performed pattern -->
                                       <templateId root="2.16.840.1.113883.3.560.1.79"/>
                                       <id root="6b1bc8e9-fb3c-4aa9-8b28-4c9cf529336f"/>
                                       <code code="46240-8" codeSystem="2.16.840.1.113883.6.1" displayName="Encounter list"/>
                                       <sourceOf typeCode="COMP">
                                          <encounter classCode="ENC" moodCode="EVN" isCriterionInd="true">
                                             <code code="2.16.840.1.113883.3.117.1.7.1.293" displayName="Emergency Department Visit Grouping Value Set" codeSystem="2.16.840.1.113883.3.560.101.1"/>
                                             <title>Occurrence A of Encounter, Performed: Emergency Department Visit (facility location arrival datetime)</title>
                                             <statusCode code="completed"/>
                                             <sourceOf typeCode="SUBJ">
                                                <encounter classCode="ENC" moodCode="EVN" isCriterionInd="true">
                                                   <templateId root="2.16.840.1.113883.3.560.1.1035.1"/>
                                                   <participant typeCode="LOC">
                                                      <roleParticipant classCode="SDLOC">
                                                         <code/>
                                                         <effectiveTime xsi:type="IVL_TS">
                                                            <low/>
                                                         </effectiveTime>
                                                      </roleParticipant>
                                                   </participant>
                                                </encounter>
                                             </sourceOf>
                                          </encounter>
                                       </sourceOf>
                                    </act>
                                 </sourceOf>
                              </act>
                           </sourceOf>
                        </act>
                     </sourceOf>
                     <sourceOf typeCode="PRCN">
                        <conjunctionCode code="OR"/>
                        <act classCode="ACT" moodCode="EVN" isCriterionInd="true">
                           <sourceOf typeCode="PRCN">
                              <conjunctionCode code="OR"/>
                              <act classCode="ACT" moodCode="EVN" isCriterionInd="true"><!-- Intervention, Order pattern -->
                                 <templateId root="2.16.840.1.113883.3.560.1.45"/>
                                 <id root="90656f98-9989-437e-9517-51c346bbfe2f"/>
                                 <code code="18776-5" displayName="Plan of care" codeSystem="2.16.840.1.113883.6.1"/>
                                 <sourceOf typeCode="COMP">
                                    <procedure classCode="PROC" moodCode="RQO" isCriterionInd="true">
                                       <code code="2.16.840.1.113883.3.526.2.1076" displayName="Palliative Care SNOMED-CT Value Set" codeSystem="2.16.840.1.113883.3.560.101.1"/>
                                       <title>Intervention, Order: Palliative Care</title>
                                    </procedure>
                                 </sourceOf>
                              </act>
                           </sourceOf>
                           <sourceOf typeCode="PRCN">
                              <conjunctionCode code="OR"/>
                              <act classCode="ACT" moodCode="EVN" isCriterionInd="true"><!-- Intervention, Performed pattern -->
                                 <templateId root="2.16.840.1.113883.3.560.1.46"/>
                                 <id root="2ea47b5c-fbc2-4a34-9242-7c9b5e875161"/>
                                 <code code="47519-4" displayName="Procedures" codeSystem="2.16.840.1.113883.6.1"/>
                                 <sourceOf typeCode="COMP">
                                    <procedure classCode="PROC" moodCode="EVN" isCriterionInd="true">
                                       <code code="2.16.840.1.113883.3.526.2.1076" displayName="Palliative Care SNOMED-CT Value Set" codeSystem="2.16.840.1.113883.3.560.101.1"/>
                                       <title>Intervention, Performed: Palliative Care</title>
                                       <statusCode code="completed"/>
                                    </procedure>
                                 </sourceOf>
                              </act>
                           </sourceOf>
                           <sourceOf typeCode="SDU">
                              <act classCode="ACT" moodCode="EVN" isCriterionInd="true"><!-- Encounter, Performed pattern -->
                                 <templateId root="2.16.840.1.113883.3.560.1.79"/>
                                 <id root="5f298cda-96e3-4865-9042-5d751b4650c0"/>
                                 <code code="46240-8" codeSystem="2.16.840.1.113883.6.1" displayName="Encounter list"/>
                                 <sourceOf typeCode="COMP">
                                    <encounter classCode="ENC" moodCode="EVN" isCriterionInd="true">
                                       <code code="2.16.840.1.113883.3.117.1.7.1.23" displayName="Inpatient Encounter SNOMED-CT Value Set" codeSystem="2.16.840.1.113883.3.560.101.1"/>
                                       <title>Occurrence A of Encounter, Performed: Inpatient Encounter</title>
                                       <statusCode code="completed"/>
                                    </encounter>
                                 </sourceOf>
                              </act>
                           </sourceOf>
                        </act>
                     </sourceOf>
                  </act>
               </sourceOf>
            </observation>
         </entry><!--
            **************************************************************   
            Population Criteria Section: numerator 
            **************************************************************
      -->
         <entry typeCode="DRIV">
            <observation classCode="OBS" moodCode="EVN" isCriterionInd="true">
               <id root="DAB252E4-6D9E-4B93-8A82-2B598F026B34"/>
               <code code="ASSERTION" codeSystem="2.16.840.1.113883.5.4"/>
               <value xsi:type="CD" code="NUMER" codeSystem="2.16.840.1.113883.5.1063" codeSystemName="HL7 Observation Value" displayName="Numerator"/><!--  top and/or -->
               <sourceOf typeCode="PRCN">
                  <conjunctionCode code="AND"/>
                  <act classCode="ACT" moodCode="EVN" isCriterionInd="true">
                     <sourceOf typeCode="PRCN">
                        <conjunctionCode code="OR"/>
                        <act classCode="ACT" moodCode="EVN" isCriterionInd="true"><!-- Encounter, Performed pattern -->
                           <templateId root="2.16.840.1.113883.3.560.1.79"/>
                           <id root="5f298cda-96e3-4865-9042-5d751b4650c0"/>
                           <code code="46240-8" codeSystem="2.16.840.1.113883.6.1" displayName="Encounter list"/>
                           <sourceOf typeCode="COMP">
                              <encounter classCode="ENC" moodCode="EVN" isCriterionInd="true">
                                 <code code="2.16.840.1.113883.3.117.1.7.1.23" displayName="Inpatient Encounter SNOMED-CT Value Set" codeSystem="2.16.840.1.113883.3.560.101.1"/>
                                 <title>Occurrence A of Encounter, Performed: Inpatient Encounter (discharge status: 'Discharged to Rehabilitation Facility')</title>
                                 <statusCode code="completed"/>
                                 <sourceOf typeCode="REFR">
                                    <observation classCode="OBS" moodCode="EVN" isCriterionInd="true">
                                       <templateId root="2.16.840.1.113883.3.560.1.1003.2"/>
                                       <code code="309039003" codeSystem="2.16.840.1.113883.6.96" displayName="discharge status" codeSystemName="SNOMED-CT"/>
                                       <value xsi:type="CD" code="2.16.840.1.113883.3.117.1.7.1.132" codeSystem="2.16.840.1.113883.3.560.101.1" displayName="Discharged to Rehabilitation Facility"/>
                                    </observation>
                                 </sourceOf>
                              </encounter>
                           </sourceOf>
                        </act>
                     </sourceOf>
                     <sourceOf typeCode="PRCN">
                        <conjunctionCode code="OR"/>
                        <act classCode="ACT" moodCode="EVN" isCriterionInd="true">
                           <sourceOf typeCode="PRCN">
                              <conjunctionCode code="OR"/>
                              <act classCode="ACT" moodCode="EVN" isCriterionInd="true" actionNegationInd="true"><!-- Procedure, Order pattern -->
                                 <templateId root="2.16.840.1.113883.3.560.1.162"/>
                                 <id root="f29d0688-f43f-4af4-95b5-e7473da1f397"/>
                                 <code code="18776-5" displayName="Plan of care" codeSystem="2.16.840.1.113883.6.1"/>
                                 <sourceOf typeCode="COMP">
                                    <procedure classCode="PROC" moodCode="RQO" isCriterionInd="true">
                                       <code code="2.16.840.1.113883.3.117.1.7.1.221" displayName="Rehabilitation Services Grouping Value Set" codeSystem="2.16.840.1.113883.3.560.101.1"/>
                                       <title>Procedure, Order not done: Patient Refusal</title>
                                       <sourceOf typeCode="RSON">
                                          <observation classCode="OBS" moodCode="EVN" isCriterionInd="true">
                                             <code code="ASSERTION" codeSystem="2.16.840.1.113883.5.4"/>
                                             <value xsi:type="CD" code="2.16.840.1.113883.3.117.1.7.1.93" displayName="Patient Refusal SNOMED-CT Value Set"/>
                                          </observation>
                                       </sourceOf>
                                    </procedure>
                                 </sourceOf>
                              </act>
                           </sourceOf>
                           <sourceOf typeCode="PRCN">
                              <conjunctionCode code="OR"/>
                              <act classCode="ACT" moodCode="EVN" isCriterionInd="true"><!-- Procedure, Order pattern -->
                                 <templateId root="2.16.840.1.113883.3.560.1.62"/>
                                 <id root="f29d0688-f43f-4af4-95b5-e7473da1f397"/>
                                 <code code="18776-5" displayName="Plan of care" codeSystem="2.16.840.1.113883.6.1"/>
                                 <sourceOf typeCode="COMP">
                                    <procedure classCode="PROC" moodCode="RQO" isCriterionInd="true">
                                       <code code="2.16.840.1.113883.3.117.1.7.1.221" displayName="Rehabilitation Services Grouping Value Set" codeSystem="2.16.840.1.113883.3.560.101.1"/>
                                       <title>Procedure, Order: Rehabilitation Services</title>
                                    </procedure>
                                 </sourceOf>
                              </act>
                           </sourceOf>
                           <sourceOf typeCode="PRCN">
                              <conjunctionCode code="OR"/>
                              <act classCode="ACT" moodCode="EVN" isCriterionInd="true" actionNegationInd="true"><!-- Procedure, Order pattern -->
                                 <templateId root="2.16.840.1.113883.3.560.1.162"/>
                                 <id root="f29d0688-f43f-4af4-95b5-e7473da1f397"/>
                                 <code code="18776-5" displayName="Plan of care" codeSystem="2.16.840.1.113883.6.1"/>
                                 <sourceOf typeCode="COMP">
                                    <procedure classCode="PROC" moodCode="RQO" isCriterionInd="true">
                                       <code code="2.16.840.1.113883.3.117.1.7.1.221" displayName="Rehabilitation Services Grouping Value Set" codeSystem="2.16.840.1.113883.3.560.101.1"/>
                                       <title>Procedure, Order not done: Medical Reason</title>
                                       <sourceOf typeCode="RSON">
                                          <observation classCode="OBS" moodCode="EVN" isCriterionInd="true">
                                             <code code="ASSERTION" codeSystem="2.16.840.1.113883.5.4"/>
                                             <value xsi:type="CD" code="2.16.840.1.113883.3.117.1.7.1.473" displayName="Medical Reason SNOMED-CT Value Set"/>
                                          </observation>
                                       </sourceOf>
                                    </procedure>
                                 </sourceOf>
                              </act>
                           </sourceOf>
                           <sourceOf typeCode="DURING">
                              <act classCode="ACT" moodCode="EVN" isCriterionInd="true"><!-- Encounter, Performed pattern -->
                                 <templateId root="2.16.840.1.113883.3.560.1.79"/>
                                 <id root="5f298cda-96e3-4865-9042-5d751b4650c0"/>
                                 <code code="46240-8" codeSystem="2.16.840.1.113883.6.1" displayName="Encounter list"/>
                                 <sourceOf typeCode="COMP">
                                    <encounter classCode="ENC" moodCode="EVN" isCriterionInd="true">
                                       <code code="2.16.840.1.113883.3.117.1.7.1.23" displayName="Inpatient Encounter SNOMED-CT Value Set" codeSystem="2.16.840.1.113883.3.560.101.1"/>
                                       <title>Occurrence A of Encounter, Performed: Inpatient Encounter</title>
                                       <statusCode code="completed"/>
                                    </encounter>
                                 </sourceOf>
                              </act>
                           </sourceOf>
                        </act>
                     </sourceOf>
                  </act>
               </sourceOf>
            </observation>
         </entry><!--
            **************************************************************   
            Population Criteria Section: denominator 
            **************************************************************
      -->
         <entry typeCode="DRIV">
            <observation classCode="OBS" moodCode="EVN" isCriterionInd="true">
               <id root="76CA9F2E-1444-4139-8ADE-870CEE32535F"/>
               <code code="ASSERTION" codeSystem="2.16.840.1.113883.5.4"/>
               <value xsi:type="CD" code="DENOM" codeSystem="2.16.840.1.113883.5.1063" codeSystemName="HL7 Observation Value" displayName="Denominator"/><!--  top and/or -->
               <sourceOf typeCode="PRCN">
                  <conjunctionCode code="AND"/>
                  <observation classCode="OBS" moodCode="EVN" isCriterionInd="true">
                     <id root="6B76206D-E64B-4A39-8970-47BBC8B61B4E"/>
                     <title>Initial Patient Population</title>
                  </observation>
               </sourceOf>
            </observation>
         </entry><!--
            **************************************************************   
            Population Criteria Section: population 
            **************************************************************
      -->
         <entry typeCode="DRIV">
            <observation classCode="OBS" moodCode="EVN" isCriterionInd="true">
               <id root="6B76206D-E64B-4A39-8970-47BBC8B61B4E"/>
               <code code="ASSERTION" codeSystem="2.16.840.1.113883.5.4"/>
               <value xsi:type="CD" code="IPP" codeSystem="2.16.840.1.113883.5.1063" codeSystemName="HL7 Observation Value" displayName="Initial Patient Population"/><!--  top and/or -->
               <sourceOf typeCode="PRCN">
                  <conjunctionCode code="AND"/>
                  <act classCode="ACT" moodCode="EVN" isCriterionInd="true"><!-- Patient Characteristic Birthdate pattern -->
                     <templateId root="2.16.840.1.113883.3.560.1.400"/>
                     <id root="5d09951f-a463-4f4f-9adb-067510bc0f26"/>
                     <code code="45970-1" displayName="Demographics" codeSystem="2.16.840.1.113883.6.1"/>
                     <sourceOf typeCode="COMP">
                        <observation classCode="OBS" moodCode="EVN" isCriterionInd="true">
                           <code code="21112-8" codeSystem="2.16.840.1.113883.6.1" displayName="Birth date"/>
                           <title>Patient Characteristic Birthdate: birth date</title>
                           <value xsi:type="CD" code="2.16.840.1.113883.3.560.100.4" codeSystem="2.16.840.1.113883.3.560.101.1" displayName="birth date LOINC Value Set"/>
                           <sourceOf typeCode="SBS">
                              <pauseQuantity xsi:type="IVL_PQ">
                                 <low value="18" unit="a" inclusive="true"/>
                              </pauseQuantity>
                              <observation classCode="OBS" moodCode="EVN" isCriterionInd="true">
                                 <id root="5f298cda-96e3-4865-9042-5d751b4650c0"/>
                                 <title>Occurrence A of Encounter, Performed: Inpatient Encounter</title>
                              </observation>
                           </sourceOf>
                        </observation>
                     </sourceOf>
                  </act>
               </sourceOf>
               <sourceOf typeCode="PRCN">
                  <conjunctionCode code="AND"/>
                  <act classCode="ACT" moodCode="EVN" isCriterionInd="true"><!-- Encounter, Performed pattern -->
                     <templateId root="2.16.840.1.113883.3.560.1.79"/>
                     <id root="5f298cda-96e3-4865-9042-5d751b4650c0"/>
                     <code code="46240-8" codeSystem="2.16.840.1.113883.6.1" displayName="Encounter list"/>
                     <sourceOf typeCode="COMP">
                        <encounter classCode="ENC" moodCode="EVN" isCriterionInd="true">
                           <code code="2.16.840.1.113883.3.117.1.7.1.23" displayName="Inpatient Encounter SNOMED-CT Value Set" codeSystem="2.16.840.1.113883.3.560.101.1"/>
                           <title>Occurrence A of Encounter, Performed: Inpatient Encounter (length of stay &lt;= 120  day(s))</title>
                           <statusCode code="completed"/>
                           <sourceOf typeCode="SUBJ">
                              <observation classCode="OBS" moodCode="EVN" isCriterionInd="true">
                                 <templateId root="2.16.840.1.113883.3.560.1.1029.3"/>
                                 <code code="183797002" codeSystem="2.16.840.1.113883.6.96" displayName="length of stay" codeSystemName="SNOMED-CT"/>
                                 <value xsi:type="IVL_PQ">
                                    <high value="120" unit="d" inclusive="true"/>
                                 </value>
                              </observation>
                           </sourceOf>
                        </encounter>
                     </sourceOf>
                  </act>
               </sourceOf>
               <sourceOf typeCode="PRCN">
                  <conjunctionCode code="AND"/>
                  <act classCode="ACT" moodCode="EVN" isCriterionInd="true"><!-- Encounter, Performed pattern -->
                     <templateId root="2.16.840.1.113883.3.560.1.79"/>
                     <id root="5f298cda-96e3-4865-9042-5d751b4650c0"/>
                     <code code="46240-8" codeSystem="2.16.840.1.113883.6.1" displayName="Encounter list"/>
                     <sourceOf typeCode="COMP">
                        <encounter classCode="ENC" moodCode="EVN" isCriterionInd="true">
                           <code code="2.16.840.1.113883.3.117.1.7.1.23" displayName="Inpatient Encounter SNOMED-CT Value Set" codeSystem="2.16.840.1.113883.3.560.101.1"/>
                           <title>Occurrence A of Encounter, Performed: Inpatient Encounter (discharge datetime)</title>
                           <statusCode code="completed"/>
                           <sourceOf typeCode="REFR">
                              <observation classCode="OBS" moodCode="EVN" isCriterionInd="true">
                                 <templateId root="2.16.840.1.113883.3.560.1.1025.1"/>
                                 <code code="442864001" codeSystem="2.16.840.1.113883.6.96" displayName="discharge datetime" codeSystemName="SNOMED-CT"/>
                                 <value xsi:type="ANYNonNull"/>
                              </observation>
                           </sourceOf>
                           <sourceOf typeCode="DURING">
                              <observation classCode="OBS" moodCode="EVN" isCriterionInd="true">
                                 <id root="a28bde0e-f0aa-44fc-abff-1149a7b75afb"/>
                                 <title>Measurement Period</title>
                              </observation>
                           </sourceOf>
                        </encounter>
                     </sourceOf>
                  </act>
               </sourceOf>
               <sourceOf typeCode="PRCN">
                  <conjunctionCode code="AND"/>
                  <act classCode="ACT" moodCode="EVN" isCriterionInd="true">
                     <sourceOf typeCode="PRCN">
                        <conjunctionCode code="OR"/>
                        <act classCode="ACT" moodCode="EVN" isCriterionInd="true"><!-- Diagnosis, Active pattern -->
                           <templateId root="2.16.840.1.113883.3.560.1.2"/>
                           <id root="d8055a8c-9cc6-4000-a2bf-e5ad5a2e24e1"/>
                           <code code="11450-4" displayName="Problem" codeSystem="2.16.840.1.113883.6.1"/>
                           <sourceOf typeCode="COMP">
                              <observation classCode="OBS" moodCode="EVN" isCriterionInd="true">
                                 <code code="55607006" codeSystem="2.16.840.1.113883.6.96" displayName="Problem"/>
                                 <title>Diagnosis, Active: Hemorrhagic Stroke (ordinality: 'Principal Diagnosis')</title>
                                 <value xsi:type="CD" code="2.16.840.1.113883.3.117.1.7.1.212" displayName="Hemorrhagic Stroke Grouping Value Set"/>
                                 <sourceOf typeCode="REFR">
                                    <observation classCode="OBS" moodCode="EVN" isCriterionInd="true">
                                       <code code="33999-4" codeSystem="2.16.840.1.113883.6.1" displayName="Status"/>
                                       <value xsi:type="CD" code="55561003" displayName="active" codeSystem="2.16.840.1.113883.6.96"/>
                                    </observation>
                                 </sourceOf>
                                 <sourceOf typeCode="SUBJ">
                                    <observation classCode="OBS" moodCode="EVN" isCriterionInd="true">
                                       <templateId root="2.16.840.1.113883.3.560.1.1012.2"/>
                                       <code code="117363000" codeSystem="2.16.840.1.113883.6.96" displayName="ordinality" codeSystemName="SNOMED-CT"/>
                                       <value xsi:type="CD" code="2.16.840.1.113883.3.117.2.7.1.14" codeSystem="2.16.840.1.113883.3.560.101.1" displayName="Principal Diagnosis"/>
                                    </observation>
                                 </sourceOf>
                              </observation>
                           </sourceOf>
                        </act>
                     </sourceOf>
                     <sourceOf typeCode="PRCN">
                        <conjunctionCode code="OR"/>
                        <act classCode="ACT" moodCode="EVN" isCriterionInd="true"><!-- Diagnosis, Active pattern -->
                           <templateId root="2.16.840.1.113883.3.560.1.2"/>
                           <id root="ff57f222-f1bf-4288-82d0-a2ecc3630222"/>
                           <code code="11450-4" displayName="Problem" codeSystem="2.16.840.1.113883.6.1"/>
                           <sourceOf typeCode="COMP">
                              <observation classCode="OBS" moodCode="EVN" isCriterionInd="true">
                                 <code code="55607006" codeSystem="2.16.840.1.113883.6.96" displayName="Problem"/>
                                 <title>Diagnosis, Active: Ischemic Stroke (ordinality: 'Principal Diagnosis')</title>
                                 <value xsi:type="CD" code="2.16.840.1.113883.3.117.1.7.1.247" displayName="Ischemic Stroke Grouping Value Set"/>
                                 <sourceOf typeCode="REFR">
                                    <observation classCode="OBS" moodCode="EVN" isCriterionInd="true">
                                       <code code="33999-4" codeSystem="2.16.840.1.113883.6.1" displayName="Status"/>
                                       <value xsi:type="CD" code="55561003" displayName="active" codeSystem="2.16.840.1.113883.6.96"/>
                                    </observation>
                                 </sourceOf>
                                 <sourceOf typeCode="SUBJ">
                                    <observation classCode="OBS" moodCode="EVN" isCriterionInd="true">
                                       <templateId root="2.16.840.1.113883.3.560.1.1012.2"/>
                                       <code code="117363000" codeSystem="2.16.840.1.113883.6.96" displayName="ordinality" codeSystemName="SNOMED-CT"/>
                                       <value xsi:type="CD" code="2.16.840.1.113883.3.117.2.7.1.14" codeSystem="2.16.840.1.113883.3.560.101.1" displayName="Principal Diagnosis"/>
                                    </observation>
                                 </sourceOf>
                              </observation>
                           </sourceOf>
                        </act>
                     </sourceOf>
                     <sourceOf typeCode="SDU">
                        <act classCode="ACT" moodCode="EVN" isCriterionInd="true"><!-- Encounter, Performed pattern -->
                           <templateId root="2.16.840.1.113883.3.560.1.79"/>
                           <id root="5f298cda-96e3-4865-9042-5d751b4650c0"/>
                           <code code="46240-8" codeSystem="2.16.840.1.113883.6.1" displayName="Encounter list"/>
                           <sourceOf typeCode="COMP">
                              <encounter classCode="ENC" moodCode="EVN" isCriterionInd="true">
                                 <code code="2.16.840.1.113883.3.117.1.7.1.23" displayName="Inpatient Encounter SNOMED-CT Value Set" codeSystem="2.16.840.1.113883.3.560.101.1"/>
                                 <title>Occurrence A of Encounter, Performed: Inpatient Encounter</title>
                                 <statusCode code="completed"/>
                              </encounter>
                           </sourceOf>
                        </act>
                     </sourceOf>
                  </act>
               </sourceOf>
            </observation>
         </entry>
      </section>
   </component>
         
      <!--
         ******************************************   
         Data Criteria Section
         ******************************************
      --><component typeCode="COMP">
      <section>
         <code code="57025-9" codeSystem="2.16.840.1.113883.6.1" displayName="Data criteria (QDM Data Elements)"/>
         <title>Data criteria (QDM Data Elements)</title>
         <text>
            <list>
               <item>
                  <content>"Diagnosis, Active: Hemorrhagic Stroke"</content> using "Hemorrhagic Stroke Grouping Value Set (2.16.840.1.113883.3.117.1.7.1.212)"</item>
               <item>
                  <content>"Diagnosis, Active: Ischemic Stroke"</content> using "Ischemic Stroke Grouping Value Set (2.16.840.1.113883.3.117.1.7.1.247)"</item>
               <item>
                  <content>"Encounter, Performed: Emergency Department Visit"</content> using "Emergency Department Visit Grouping Value Set (2.16.840.1.113883.3.117.1.7.1.293)"</item>
               <item>
                  <content>"Encounter, Performed: Inpatient Encounter"</content> using "Inpatient Encounter SNOMED-CT Value Set (2.16.840.1.113883.3.117.1.7.1.23)"</item>
               <item>
                  <content>"Intervention, Order: Palliative Care"</content> using "Palliative Care SNOMED-CT Value Set (2.16.840.1.113883.3.526.2.1076)"</item>
               <item>
                  <content>"Intervention, Performed: Palliative Care"</content> using "Palliative Care SNOMED-CT Value Set (2.16.840.1.113883.3.526.2.1076)"</item>
               <item>
                  <content>"Patient Characteristic Birthdate: birth date"</content> using "birth date LOINC Value Set (2.16.840.1.113883.3.560.100.4)"</item>
               <item>
                  <content>"Procedure, Order: Rehabilitation Services"</content> using "Rehabilitation Services Grouping Value Set (2.16.840.1.113883.3.117.1.7.1.221)"</item>
               <item>
                  <content>"Procedure, Order not done: Medical Reason"</content> using "Medical Reason SNOMED-CT Value Set (2.16.840.1.113883.3.117.1.7.1.473)"</item>
               <item>
                  <content>"Procedure, Order not done: Patient Refusal"</content> using "Patient Refusal SNOMED-CT Value Set (2.16.840.1.113883.3.117.1.7.1.93)"</item>
               <item>
                  <content>Attribute: "Ordinality: Principal Diagnosis"</content> using "Principal Diagnosis SNOMED-CT Value Set  (2.16.840.1.113883.3.117.2.7.1.14)"</item>
               <item>
                  <content>Attribute: "Discharge status: Discharged to Rehabilitation Facility"</content> using "Discharged to Rehabilitation Facility SNOMED-CT Value Set  (2.16.840.1.113883.3.117.1.7.1.132)"</item>
               <item>
                  <content>Attribute: "Reason: Carotid Intervention"</content> using "Carotid Intervention Grouping Value Set  (2.16.840.1.113883.3.117.1.7.1.204)"</item>
               <item>
                  <content>Attribute: "Discharge status: Discharge To Another Hospital"</content> using "Discharge To Another Hospital SNOMED-CT Value Set  (2.16.840.1.113883.3.117.1.7.1.87)"</item>
               <item>
                  <content>Attribute: "Discharge status: Left Against Medical Advice"</content> using "Left Against Medical Advice SNOMED-CT Value Set  (2.16.840.1.113883.3.117.1.7.1.308)"</item>
               <item>
                  <content>Attribute: "Discharge status: Patient Expired"</content> using "Patient Expired SNOMED-CT Value Set  (2.16.840.1.113883.3.117.1.7.1.309)"</item>
               <item>
                  <content>Attribute: "Discharge status: Discharged to Home for Hospice Care"</content> using "Discharged to Home for Hospice Care SNOMED-CT Value Set  (2.16.840.1.113883.3.117.1.7.1.209)"</item>
               <item>
                  <content>Attribute: "Discharge status: Discharged to Health Care Facility for Hospice Care"</content> using "Discharged to Health Care Facility for Hospice Care SNOMED-CT Value Set  (2.16.840.1.113883.3.117.1.7.1.207)"</item>
            </list>
         </text>
         <entry typeCode="DRIV">
            <act classCode="ACT" moodCode="EVN" isCriterionInd="true"><!-- Patient Characteristic Birthdate pattern -->
               <templateId root="2.16.840.1.113883.3.560.1.400"/>
               <id root="5d09951f-a463-4f4f-9adb-067510bc0f26"/>
               <code code="45970-1" displayName="Demographics" codeSystem="2.16.840.1.113883.6.1"/>
               <sourceOf typeCode="COMP">
                  <observation classCode="OBS" moodCode="EVN" isCriterionInd="true">
                     <code code="21112-8" codeSystem="2.16.840.1.113883.6.1" displayName="Birth date"/>
                     <title>Patient Characteristic Birthdate: birth date</title>
                     <value xsi:type="CD" code="2.16.840.1.113883.3.560.100.4" codeSystem="2.16.840.1.113883.3.560.101.1" displayName="birth date LOINC Value Set"/>
                  </observation>
               </sourceOf>
            </act>
         </entry>
         <entry typeCode="DRIV">
            <act classCode="ACT" moodCode="EVN" isCriterionInd="true"><!-- Diagnosis, Active pattern -->
               <templateId root="2.16.840.1.113883.3.560.1.2"/>
               <id root="ff57f222-f1bf-4288-82d0-a2ecc3630222"/>
               <code code="11450-4" displayName="Problem" codeSystem="2.16.840.1.113883.6.1"/>
               <sourceOf typeCode="COMP">
                  <observation classCode="OBS" moodCode="EVN" isCriterionInd="true">
                     <code code="55607006" codeSystem="2.16.840.1.113883.6.96" displayName="Problem"/>
                     <title>Diagnosis, Active: Ischemic Stroke</title>
                     <value xsi:type="CD" code="2.16.840.1.113883.3.117.1.7.1.247" displayName="Ischemic Stroke Grouping Value Set"/>
                     <sourceOf typeCode="REFR">
                        <observation classCode="OBS" moodCode="EVN" isCriterionInd="true">
                           <code code="33999-4" codeSystem="2.16.840.1.113883.6.1" displayName="Status"/>
                           <value xsi:type="CD" code="55561003" displayName="active" codeSystem="2.16.840.1.113883.6.96"/>
                        </observation>
                     </sourceOf>
                  </observation>
               </sourceOf>
            </act>
         </entry>
         <entry typeCode="DRIV">
            <act classCode="ACT" moodCode="EVN" isCriterionInd="true"><!-- Diagnosis, Active pattern -->
               <templateId root="2.16.840.1.113883.3.560.1.2"/>
               <id root="d8055a8c-9cc6-4000-a2bf-e5ad5a2e24e1"/>
               <code code="11450-4" displayName="Problem" codeSystem="2.16.840.1.113883.6.1"/>
               <sourceOf typeCode="COMP">
                  <observation classCode="OBS" moodCode="EVN" isCriterionInd="true">
                     <code code="55607006" codeSystem="2.16.840.1.113883.6.96" displayName="Problem"/>
                     <title>Diagnosis, Active: Hemorrhagic Stroke</title>
                     <value xsi:type="CD" code="2.16.840.1.113883.3.117.1.7.1.212" displayName="Hemorrhagic Stroke Grouping Value Set"/>
                     <sourceOf typeCode="REFR">
                        <observation classCode="OBS" moodCode="EVN" isCriterionInd="true">
                           <code code="33999-4" codeSystem="2.16.840.1.113883.6.1" displayName="Status"/>
                           <value xsi:type="CD" code="55561003" displayName="active" codeSystem="2.16.840.1.113883.6.96"/>
                        </observation>
                     </sourceOf>
                  </observation>
               </sourceOf>
            </act>
         </entry>
         <entry typeCode="DRIV">
            <act classCode="ACT" moodCode="EVN" isCriterionInd="true"><!-- Procedure, Order pattern -->
               <templateId root="2.16.840.1.113883.3.560.1.62"/>
               <id root="f29d0688-f43f-4af4-95b5-e7473da1f397"/>
               <code code="18776-5" displayName="Plan of care" codeSystem="2.16.840.1.113883.6.1"/>
               <sourceOf typeCode="COMP">
                  <procedure classCode="PROC" moodCode="RQO" isCriterionInd="true">
                     <code code="2.16.840.1.113883.3.117.1.7.1.221" displayName="Rehabilitation Services Grouping Value Set" codeSystem="2.16.840.1.113883.3.560.101.1"/>
                     <title>Procedure, Order: Rehabilitation Services</title>
                  </procedure>
               </sourceOf>
            </act>
         </entry>
         <entry typeCode="DRIV">
            <act classCode="ACT" moodCode="EVN" isCriterionInd="true"><!-- Intervention, Order pattern -->
               <templateId root="2.16.840.1.113883.3.560.1.45"/>
               <id root="90656f98-9989-437e-9517-51c346bbfe2f"/>
               <code code="18776-5" displayName="Plan of care" codeSystem="2.16.840.1.113883.6.1"/>
               <sourceOf typeCode="COMP">
                  <procedure classCode="PROC" moodCode="RQO" isCriterionInd="true">
                     <code code="2.16.840.1.113883.3.526.2.1076" displayName="Palliative Care SNOMED-CT Value Set" codeSystem="2.16.840.1.113883.3.560.101.1"/>
                     <title>Intervention, Order: Palliative Care</title>
                  </procedure>
               </sourceOf>
            </act>
         </entry>
         <entry typeCode="DRIV">
            <act classCode="ACT" moodCode="EVN" isCriterionInd="true"><!-- Intervention, Performed pattern -->
               <templateId root="2.16.840.1.113883.3.560.1.46"/>
               <id root="2ea47b5c-fbc2-4a34-9242-7c9b5e875161"/>
               <code code="47519-4" displayName="Procedures" codeSystem="2.16.840.1.113883.6.1"/>
               <sourceOf typeCode="COMP">
                  <procedure classCode="PROC" moodCode="EVN" isCriterionInd="true">
                     <code code="2.16.840.1.113883.3.526.2.1076" displayName="Palliative Care SNOMED-CT Value Set" codeSystem="2.16.840.1.113883.3.560.101.1"/>
                     <title>Intervention, Performed: Palliative Care</title>
                     <statusCode code="completed"/>
                  </procedure>
               </sourceOf>
            </act>
         </entry>
         <entry typeCode="DRIV">
            <act classCode="ACT" moodCode="EVN" isCriterionInd="true"><!-- Encounter, Performed pattern -->
               <templateId root="2.16.840.1.113883.3.560.1.79"/>
               <id root="f5c3127d-d6a6-4d95-8df8-54cc3f57342b"/>
               <code code="46240-8" codeSystem="2.16.840.1.113883.6.1" displayName="Encounter list"/>
               <sourceOf typeCode="COMP">
                  <encounter classCode="ENC" moodCode="EVN" isCriterionInd="true">
                     <code code="2.16.840.1.113883.3.117.1.7.1.293" displayName="Emergency Department Visit Grouping Value Set" codeSystem="2.16.840.1.113883.3.560.101.1"/>
                     <title>Encounter, Performed: Emergency Department Visit</title>
                     <statusCode code="completed"/>
                  </encounter>
               </sourceOf>
            </act>
         </entry>
         <entry typeCode="DRIV">
            <act classCode="ACT" moodCode="EVN" isCriterionInd="true"><!-- Encounter, Performed pattern -->
               <templateId root="2.16.840.1.113883.3.560.1.79"/>
               <id root="408106fd-4ba6-4bcc-ac8b-a1a3235e2c59"/>
               <code code="46240-8" codeSystem="2.16.840.1.113883.6.1" displayName="Encounter list"/>
               <sourceOf typeCode="COMP">
                  <encounter classCode="ENC" moodCode="EVN" isCriterionInd="true">
                     <code code="2.16.840.1.113883.3.117.1.7.1.23" displayName="Inpatient Encounter SNOMED-CT Value Set" codeSystem="2.16.840.1.113883.3.560.101.1"/>
                     <title>Encounter, Performed: Inpatient Encounter</title>
                     <statusCode code="completed"/>
                  </encounter>
               </sourceOf>
            </act>
         </entry>
         <entry typeCode="DRIV">
            <act classCode="ACT" moodCode="EVN" isCriterionInd="true"><!-- Procedure, Order not done pattern -->
               <templateId root="2.16.840.1.113883.3.560.1.162"/>
               <id root="dcc67561-b3fa-4ed1-bc4e-91536eb174c1"/>
               <code code="18776-5" displayName="Plan of care" codeSystem="2.16.840.1.113883.6.1"/>
               <sourceOf typeCode="COMP">
                  <procedure classCode="PROC" moodCode="RQO" isCriterionInd="true">
                     <code code="2.16.840.1.113883.3.117.1.7.1.93" displayName="Patient Refusal SNOMED-CT Value Set" codeSystem="2.16.840.1.113883.3.560.101.1"/>
                     <title>Procedure, Order not done: Patient Refusal</title>
                  </procedure>
               </sourceOf>
            </act>
         </entry>
         <entry typeCode="DRIV">
            <act classCode="ACT" moodCode="EVN" isCriterionInd="true"><!-- Procedure, Order not done pattern -->
               <templateId root="2.16.840.1.113883.3.560.1.162"/>
               <id root="db82b6e8-09e4-4187-97b8-19536faa0663"/>
               <code code="18776-5" displayName="Plan of care" codeSystem="2.16.840.1.113883.6.1"/>
               <sourceOf typeCode="COMP">
                  <procedure classCode="PROC" moodCode="RQO" isCriterionInd="true">
                     <code code="2.16.840.1.113883.3.117.1.7.1.473" displayName="Medical Reason SNOMED-CT Value Set" codeSystem="2.16.840.1.113883.3.560.101.1"/>
                     <title>Procedure, Order not done: Medical Reason</title>
                  </procedure>
               </sourceOf>
            </act>
         </entry>
         <entry typeCode="COMP">
            <observation classCode="OBS" moodCode="DEF">
               <templateId root="2.16.840.1.113883.3.560.1.79"/>
               <id root="5f298cda-96e3-4865-9042-5d751b4650c0"/>
               <sourceOf typeCode="DRIV">
                  <localVariableName>Inpatient Encounter</localVariableName>
                  <observation classCode="OBS" moodCode="EVN" isCriterionInd="true">
                     <id root="408106fd-4ba6-4bcc-ac8b-a1a3235e2c59"/>
                  </observation>
               </sourceOf>
            </observation>
         </entry>
         <entry typeCode="COMP">
            <observation classCode="OBS" moodCode="DEF">
               <templateId root="2.16.840.1.113883.3.560.1.79"/>
               <id root="6b1bc8e9-fb3c-4aa9-8b28-4c9cf529336f"/>
               <sourceOf typeCode="DRIV">
                  <localVariableName>Emergency Department Visit</localVariableName>
                  <observation classCode="OBS" moodCode="EVN" isCriterionInd="true">
                     <id root="f5c3127d-d6a6-4d95-8df8-54cc3f57342b"/>
                  </observation>
               </sourceOf>
            </observation>
         </entry>
      </section>
   </component>
            
         <!--
            **************************************************************   
            Stratification Section
            **************************************************************
         --><component typeCode="COMP">
      <section>
         <code code="69669-0" codeSystem="2.16.840.1.113883.6.1" displayName="Population stratification description"/>
         <title>Reporting Stratification</title>
         <text>
            <list>
               <item>None</item>
            </list>
         </text>
      </section>
   </component>
         
      <!--
         ******************************************   
         Supplemental Data Elements Section
         ******************************************
      --><component typeCode="COMP">
      <section>
         <code code="69670-8" codeSystem="2.16.840.1.113883.6.1" displayName="Supplemental Data Elements"/>
         <title>Supplemental Data Elements</title>
         <text>
            <list>
               <item>
                  <content>"Patient Characteristic Ethnicity: Ethnicity"</content> using "Ethnicity CDC Value Set (2.16.840.1.114222.4.11.837)"</item>
               <item>
                  <content>"Patient Characteristic Payer: Payer"</content> using "Payer Source of Payment Typology Value Set (2.16.840.1.114222.4.11.3591)"</item>
               <item>
                  <content>"Patient Characteristic Race: Race"</content> using "Race CDC Value Set (2.16.840.1.114222.4.11.836)"</item>
               <item>
                  <content>"Patient Characteristic Sex: ONC Administrative Sex"</content> using "ONC Administrative Sex Administrative Sex Value Set (2.16.840.1.113762.1.4.1)"</item>
            </list>
         </text>
         <entry typeCode="DRIV">
            <act classCode="ACT" moodCode="EVN" isCriterionInd="true"><!-- Patient Characteristic Sex pattern -->
               <templateId root="2.16.840.1.113883.3.560.1.402"/>
               <id root="f95cef67-e417-4b3d-8263-558f4e4e64d7"/>
               <code code="45970-1" displayName="Demographics" codeSystem="2.16.840.1.113883.6.1"/>
               <sourceOf typeCode="COMP">
                  <observation classCode="OBS" moodCode="EVN" isCriterionInd="true">
                     <code code="263495000" codeSystem="2.16.840.1.113883.6.96" displayName="Sex"/>
                     <title>Patient Characteristic Sex: ONC Administrative Sex</title>
                     <value xsi:type="CD" code="2.16.840.1.113762.1.4.1" codeSystem="2.16.840.1.113883.3.560.101.1" displayName="ONC Administrative Sex Administrative Sex Value Set"/>
                  </observation>
               </sourceOf>
            </act>
         </entry>
         <entry typeCode="DRIV">
            <act classCode="ACT" moodCode="EVN" isCriterionInd="true"><!-- Patient Characteristic Race pattern -->
               <templateId root="2.16.840.1.113883.3.560.1.406"/>
               <id root="9d4f36af-5835-4827-b261-179932d3c1e2"/>
               <code code="45970-1" displayName="Demographics" codeSystem="2.16.840.1.113883.6.1"/>
               <sourceOf typeCode="COMP">
                  <observation classCode="OBS" moodCode="EVN" isCriterionInd="true">
                     <code code="32624-9" codeSystem="2.16.840.1.113883.6.1" displayName="Race"/>
                     <title>Patient Characteristic Race: Race</title>
                     <value xsi:type="CD" code="2.16.840.1.114222.4.11.836" codeSystem="2.16.840.1.113883.3.560.101.1" displayName="Race CDC Value Set"/>
                  </observation>
               </sourceOf>
            </act>
         </entry>
         <entry typeCode="DRIV">
            <act classCode="ACT" moodCode="EVN" isCriterionInd="true"><!-- Patient Characteristic Ethnicity pattern -->
               <templateId root="2.16.840.1.113883.3.560.1.403"/>
               <id root="612079fd-6e4c-4207-a1db-450cca18c576"/>
               <code code="45970-1" displayName="Demographics" codeSystem="2.16.840.1.113883.6.1"/>
               <sourceOf typeCode="COMP">
                  <observation classCode="OBS" moodCode="EVN" isCriterionInd="true">
                     <code code="54133-4" codeSystem="2.16.840.1.113883.6.1" displayName="Ethnicity"/>
                     <title>Patient Characteristic Ethnicity: Ethnicity</title>
                     <value xsi:type="CD" code="2.16.840.1.114222.4.11.837" codeSystem="2.16.840.1.113883.3.560.101.1" displayName="Ethnicity CDC Value Set"/>
                  </observation>
               </sourceOf>
            </act>
         </entry>
         <entry typeCode="DRIV">
            <act classCode="ACT" moodCode="EVN" isCriterionInd="true"><!-- Patient Characteristic Payer pattern -->
               <templateId root="2.16.840.1.113883.3.560.1.405"/>
               <id root="d4dce831-9b9a-44bb-864f-c7880f4154cb"/>
               <code code="45970-1" displayName="Demographics" codeSystem="2.16.840.1.113883.6.1"/>
               <sourceOf typeCode="COMP">
                  <observation classCode="OBS" moodCode="EVN" isCriterionInd="true">
                     <code code="48768-6" codeSystem="2.16.840.1.113883.6.1" displayName="Payer"/>
                     <title>Patient Characteristic Payer: Payer</title>
                     <value xsi:type="CD" code="2.16.840.1.114222.4.11.3591" codeSystem="2.16.840.1.113883.3.560.101.1" displayName="Payer Source of Payment Typology Value Set"/>
                  </observation>
               </sourceOf>
            </act>
         </entry>
      </section>
   </component>
</QualityMeasureDocument>