<?xml version="1.0" encoding="UTF-8"?>
<?xml-stylesheet type="text/xsl" href="xslt/eMeasure.xsl"?>
<QualityMeasureDocument xmlns:xsi="http://www.w3.org/2001/XMLSchema-instance" xmlns="urn:hl7-org:v3">
         
      <!--
         **************************************************************   
         Measure Header Section
         **************************************************************
      --><typeId root="2.16.840.1.113883.1.3" extension="POQM_HD000001"/>
   <id root="8a4d92b2-3887-5df3-0139-0c4e00454b35"/>
   <code code="57024-2" codeSystem="2.16.840.1.113883.6.1" displayName="Health Quality Measure Document"/>
   <title>Median Admit Decision Time to ED Departure Time for Admitted Patients</title>
   <text>Median time (in minutes) from admit decision time to time of departure from the emergency department for emergency department patients admitted to inpatient status.</text>
   <statusCode code="Complete"/>
   <setId root="979f21bd-3f93-4cdd-8273-b23dfe9c0513"/>
   <versionNumber value="1"/>
   <author typeCode="AUT">
      <assignedPerson classCode="ASSIGNED">
         <representedOrganization classCode="ORG" determinerCode="INSTANCE">
            <id root="2.16.840.1.113883"/>
            <name>Oklahoma Foundation for Medical Quality</name>
            <contactParty classCode="CON" nullFlavor="UNK"/>
         </representedOrganization>
      </assignedPerson>
   </author>
   <custodian>
      <assignedPerson classCode="ASSIGNED">
         <representedOrganization classCode="ORG" determinerCode="INSTANCE">
            <id root="2.16.840.1.113883.3.560.3.31"/>
            <name>Centers for Medicare &amp; Medicaid Services</name>
            <contactParty classCode="CON" nullFlavor="UNK"/>
         </representedOrganization>
      </assignedPerson>
   </custodian>
   <verifier typeCode="VRF">
      <assignedPerson classCode="ASSIGNED">
         <representedOrganization classCode="ORG" determinerCode="INSTANCE">
            <name>National Quality Forum</name>
            <contactParty classCode="CON" nullFlavor="UNK"/>
         </representedOrganization>
      </assignedPerson>
   </verifier>
   <subjectOf>
      <measureAttribute>
         <code code="COPY" codeSystem="2.16.840.1.113883.5.4" displayName="Copyright"/>
         <value xsi:type="ED" mediaType="text/plain">Measure specifications are in the Public Domain&#xD;
&#xD;
LOINC(R) is a registered trademark of the Regenstrief Institute.&#xD;
&#xD;
This material contains SNOMED Clinical Terms(R) (SNOMED CT(c)) copyright 2004–2010 International Health Terminology Standards Development Organization. All rights reserved.</value>
      </measureAttribute>
   </subjectOf>
   <subjectOf>
      <measureAttribute>
         <code code="MSRSCORE" codeSystem="2.16.840.1.113883.5.4" displayName="Measure Scoring"/>
         <value xsi:type="CD" code="CONTVAR" codeSystem="2.16.840.1.113883.1.11.20367" displayName="Continuous Variable"/>
      </measureAttribute>
   </subjectOf>
   <subjectOf>
      <measureAttribute>
         <code code="MSRTYPE" codeSystem="2.16.840.1.113883.5.4" displayName="Measure Type"/>
         <value xsi:type="CD" code="PROCESS" codeSystem="2.16.840.1.113883.1.11.20368" displayName="Process"/>
      </measureAttribute>
   </subjectOf>
   <subjectOf>
      <measureAttribute>
         <code code="STRAT" codeSystem="2.16.840.1.113883.5.4" displayName="Stratification"/>
         <value xsi:type="ED" mediaType="text/plain">The measure is stratified. &#xD;
&#xD;
Stratum 1 - all patients seen in the ED and admitted as an inpatient&#xD;
Stratum 2 - all patients seen in the ED and admitted as an inpatient who do not have a diagnosis consistent with psychiatric/mental health disorders&#xD;
Stratum 3 - all patients seen in the ED and admitted as an inpatient who have a diagnosis consistent with psychiatric/mental health disorders</value>
      </measureAttribute>
   </subjectOf>
   <subjectOf>
      <measureAttribute>
         <code code="MSRADJ" codeSystem="2.16.840.1.113883.5.4" displayName="Risk Adjustment"/>
         <value xsi:type="ED" mediaType="text/plain">None</value>
      </measureAttribute>
   </subjectOf>
   <subjectOf>
      <measureAttribute>
         <code code="MSRAGG" codeSystem="2.16.840.1.113883.5.4" displayName="Rate Aggregation"/>
         <value xsi:type="ED" mediaType="text/plain">Calculate the ED time in minutes for each person in the measure population; report the median time for all calculations performed. The specification provides elements from the clinical electronic record required to calculate for each ED encounter, i.e., the length of time the patient was in the Emergency Department after the decision to admit, also stated as: the TIMEDIFF between the Emergency Department departure time and the Decision to admit time. The calculation requires the median across all ED encounter durations.</value>
      </measureAttribute>
   </subjectOf>
   <subjectOf>
      <measureAttribute>
         <code code="RAT" codeSystem="2.16.840.1.113883.5.4" displayName="Rationale"/>
         <value xsi:type="ED" mediaType="text/plain">Reducing the time patients remain in the emergency department (ED) can improve access to treatment and increase quality of care. Reducing this time potentially improves access to care specific to the patient condition and increases the capability to provide additional treatment. In recent times, EDs have experienced significant overcrowding. Although once only a problem in large, urban, teaching hospitals, the phenomenon has spread to other suburban and rural healthcare organizations. According to a 2002 national U.S. survey, more than 90 percent of large hospitals report EDs operating "at" or "over" capacity. Approximately one third of hospitals in the U.S. report increases in ambulance diversion in a given year, whereas up to half report crowded conditions in the ED. In a recent national survey, 40 percent of hospital leaders viewed ED crowding as a symptom of workforce shortages. ED crowding may result in delays in the administration of medication such as antibiotics for pneumonia and has been associated with perceptions of compromised emergency care. For patients with non-ST-segment-elevation myocardial infarction, long ED stays were associated with decreased use of guideline-recommended therapies and a higher risk of recurrent myocardial infarction. Overcrowding and heavy emergency resource demand have led to a number of problems, including ambulance refusals, prolonged patient waiting times, increased suffering for those who wait, rushed and unpleasant treatment environments, and potentially poor patient outcomes. When EDs are overwhelmed, their ability to respond to community emergencies and disasters may be compromised.</value>
      </measureAttribute>
   </subjectOf>
   <subjectOf>
      <measureAttribute>
         <code code="CRS" codeSystem="2.16.840.1.113883.3.560" displayName="Clinical Recommendation Statement"/>
         <value xsi:type="ED" mediaType="text/plain">The most common cause of ED crowding is the boarding of admitted patients in the ED.  Numerous studies have demonstrated the potential for errors, life threatening delays in treatment, and diminished overall quality is enormous.</value>
      </measureAttribute>
   </subjectOf>
   <subjectOf>
      <measureAttribute>
         <code code="IDUR" codeSystem="2.16.840.1.113883.3.560" displayName="Improvement Notation"/>
         <value xsi:type="ED" mediaType="text/plain">A decrease in the median value</value>
      </measureAttribute>
   </subjectOf>
   <subjectOf>
      <measureAttribute>
         <code nullFlavor="OTH">
            <originalText>NQF ID Number</originalText>
         </code>
         <value xsi:type="II" root="2.16.840.1.113883.3.560.1" extension="0497"/>
      </measureAttribute>
   </subjectOf>
   <subjectOf>
      <measureAttribute>
         <code code="DISC" codeSystem="2.16.840.1.113883.5.4" displayName="Disclaimer">
            <originalText>Disclaimer</originalText>
         </code>
         <value xsi:type="ED" mediaType="text/plain">None</value>
      </measureAttribute>
   </subjectOf>
   <subjectOf>
      <measureAttribute>
         <code nullFlavor="OTH">
            <originalText>eMeasure Identifier</originalText>
         </code>
         <value xsi:type="ED" mediaType="text/plain">111</value>
      </measureAttribute>
   </subjectOf>
   <subjectOf>
      <measureAttribute>
         <templateId root="2.16.840.1.113883.3.560.1.74"/>
         <id root="5705d0a6-ee7a-448e-99b8-16ff508b2849"/>
         <code code="MSRTP" displayName="Measurement period" codeSystem="2.16.840.1.113883.3.560"/>
         <value xsi:type="IVL_TS">
            <low value="00000101"/>
            <high value="00001231"/>
         </value>
      </measureAttribute>
   </subjectOf>
   <subjectOf>
      <localVariableName>measureStartDate</localVariableName>
      <measureAttribute>
         <templateId root="2.16.840.1.113883.3.560.1.75"/>
         <id root="388efcbe-4fe5-4ea9-9315-cdfb8f4c0ef5"/>
         <code code="MSRSD" displayName="Measurement start date" codeSystem="2.16.840.1.113883.3.560"/>
         <value xsi:type="TS" value="00000101"/>
      </measureAttribute>
   </subjectOf>
   <subjectOf>
      <localVariableName>measureEndDate</localVariableName>
      <measureAttribute>
         <templateId root="2.16.840.1.113883.3.560.1.75"/>
         <id root="225f1091-6c1f-4231-ad46-8a4b17ea952c"/>
         <code code="MSRED" displayName="Measurement end date" codeSystem="2.16.840.1.113883.3.560"/>
         <value xsi:type="TS" value="00001231"/>
      </measureAttribute>
   </subjectOf>
   <subjectOf>
      <measureAttribute>
         <code code="REF" codeSystem="2.16.840.1.113883.5.4" displayName="Reference"/>
         <value xsi:type="ED" mediaType="text/plain">Diercks DB, et al. Prolonged emergency department stays of non-ST-segment-elevation myocardial infarction patients are associated with worse adherence to the American College of Cardiology/American Heart Association guidelines for management and increased adverse events. Ann Emerg Med. 2007;50:489-96.</value>
      </measureAttribute>
   </subjectOf>
   <subjectOf>
      <measureAttribute>
         <code code="REF" codeSystem="2.16.840.1.113883.5.4" displayName="Reference"/>
         <value xsi:type="ED" mediaType="text/plain">Derlet RW, Richards JR. Emergency department overcrowding in Florida, New York, and Texas. South Med J. 2002;95:846-9.</value>
      </measureAttribute>
   </subjectOf>
   <subjectOf>
      <measureAttribute>
         <code code="REF" codeSystem="2.16.840.1.113883.5.4" displayName="Reference"/>
         <value xsi:type="ED" mediaType="text/plain">Derlet RW, Richards JR. Overcrowding in the nation's emergency departments: complex causes and disturbing effects. Ann Emerg Med. 2000;35:63-8.</value>
      </measureAttribute>
   </subjectOf>
   <subjectOf>
      <measureAttribute>
         <code code="REF" codeSystem="2.16.840.1.113883.5.4" displayName="Reference"/>
         <value xsi:type="ED" mediaType="text/plain">Fatovich DM, Hirsch RL. Entry overload, emergency department overcrowding, and ambulance bypass. Emerg Med J. 2003;20:406-9.</value>
      </measureAttribute>
   </subjectOf>
   <subjectOf>
      <measureAttribute>
         <code code="REF" codeSystem="2.16.840.1.113883.5.4" displayName="Reference"/>
         <value xsi:type="ED" mediaType="text/plain">Hwang U, Richardson LD, Sonuyi TO, Morrison RS. The effect of emergency department crowding on the management of pain in older adults with hip fracture. J Am Geriatr Soc. 2006;54:270-5.</value>
      </measureAttribute>
   </subjectOf>
   <subjectOf>
      <measureAttribute>
         <code code="REF" codeSystem="2.16.840.1.113883.5.4" displayName="Reference"/>
         <value xsi:type="ED" mediaType="text/plain">Institute of Medicine of the National Academies. Future of emergency care: Hospital-based emergency care at the breaking point. The National Academies Press 2006.</value>
      </measureAttribute>
   </subjectOf>
   <subjectOf>
      <measureAttribute>
         <code code="REF" codeSystem="2.16.840.1.113883.5.4" displayName="Reference"/>
         <value xsi:type="ED" mediaType="text/plain">Krochmal P, Riley TA. Increased health care costs associated with ED overcrowding. Am J Emerg Med. 1994;12:265-6.</value>
      </measureAttribute>
   </subjectOf>
   <subjectOf>
      <measureAttribute>
         <code code="REF" codeSystem="2.16.840.1.113883.5.4" displayName="Reference"/>
         <value xsi:type="ED" mediaType="text/plain">Kyriacou DN, Ricketts V, Dyne PL, McCollough MD, Talan DA. A 5-year time study analysis of emergency department patient care efficiency. Ann Emerg Med. 1999;34:326-35.</value>
      </measureAttribute>
   </subjectOf>
   <subjectOf>
      <measureAttribute>
         <code code="REF" codeSystem="2.16.840.1.113883.5.4" displayName="Reference"/>
         <value xsi:type="ED" mediaType="text/plain">Nawar ED, Niska RW, Xu J. National Hospital Ambulatory Medical Care Survey: 2005 emergency department summary. Adv Data. 2007; (386):1-32.</value>
      </measureAttribute>
   </subjectOf>
   <subjectOf>
      <measureAttribute>
         <code code="REF" codeSystem="2.16.840.1.113883.5.4" displayName="Reference"/>
         <value xsi:type="ED" mediaType="text/plain">Richardson DB. Increase in patient mortality at 10 days associated with emergency department overcrowding. Med J Aust. 2006;184:213-6.</value>
      </measureAttribute>
   </subjectOf>
   <subjectOf>
      <measureAttribute>
         <code code="REF" codeSystem="2.16.840.1.113883.5.4" displayName="Reference"/>
         <value xsi:type="ED" mediaType="text/plain">Sprivulis PC, et al. The association between hospital overcrowding and mortality among patients admitted via Western Australian emergency departments. Med J Aust. 2006;184:208-12.</value>
      </measureAttribute>
   </subjectOf>
   <subjectOf>
      <measureAttribute>
         <code code="REF" codeSystem="2.16.840.1.113883.5.4" displayName="Reference"/>
         <value xsi:type="ED" mediaType="text/plain">Trzeciak S, Rivers EP. Emergency department overcrowding in the United States: an emerging threat to patient safety and public health. Emerg Med J. 2003;20:402-5.</value>
      </measureAttribute>
   </subjectOf>
   <subjectOf>
      <measureAttribute>
         <code code="REF" codeSystem="2.16.840.1.113883.5.4" displayName="Reference"/>
         <value xsi:type="ED" mediaType="text/plain">United States General Accounting Office GAO. Hospital Emergency Departments: crowded conditions vary among hospitals and communities. 2003; GAO-03-460.</value>
      </measureAttribute>
   </subjectOf>
   <subjectOf>
      <measureAttribute>
         <code code="REF" codeSystem="2.16.840.1.113883.5.4" displayName="Reference"/>
         <value xsi:type="ED" mediaType="text/plain">Wilper AP, Woolhandler S, Lasser KE, McCormick D, Cutrona SL, Bor DH, Himmelstein DU. Waits to see an emergency department physician: U.S. trends and predictors, 1997-2004. Health Aff (Millwood). 2008;27:w84-95.</value>
      </measureAttribute>
   </subjectOf>
   <subjectOf>
      <measureAttribute>
         <code code="DEF" codeSystem="2.16.840.1.113883.3.560" displayName="Definition"/>
         <value xsi:type="ED" mediaType="text/plain">None</value>
      </measureAttribute>
   </subjectOf>
   <subjectOf>
      <measureAttribute>
         <code code="GUIDE" codeSystem="2.16.840.1.113883.5.4" displayName="Guidance"/>
         <value xsi:type="ED" mediaType="text/plain">This measure specification defines how to determine an individual Emergency Department stay. Reporting requires the median of all patient stays [Encounter: encounter ED]. decisiontoadmitdateandtime -[Encounter: encounter ED]. EDdeparturedateandtime. &#xD;
&#xD;
Calculate the ED time in minutes for each person in the measure population; report the median time for all calculations performed. The specification provides elements from the clinical electronic record required to calculate for each ED encounter, i.e., the length of time the patient was in the Emergency Department from the time of decision to admit, also stated as: the TIMEDIFF for the Emergency Department departure time minus the Decision to Admit Time. The calculation requires the median across all ED encounter durations.</value>
      </measureAttribute>
   </subjectOf>
   <subjectOf>
      <measureAttribute>
         <code nullFlavor="OTH">
            <originalText>Transmission Format</originalText>
         </code>
         <value xsi:type="ED" mediaType="text/plain">None</value>
      </measureAttribute>
   </subjectOf>
   <subjectOf>
      <measureAttribute>
         <code code="IPP" codeSystem="2.16.840.1.113883.5.1063">
            <originalText>Initial Patient Population</originalText>
         </code>
         <value xsi:type="ED" mediaType="text/plain">All patients discharged from acute inpatient care with Length of Stay (Discharge Date minus Admission Date) less than or equal to 120 days.</value>
      </measureAttribute>
   </subjectOf>
   <subjectOf>
      <measureAttribute>
         <code code="DENOM" codeSystem="2.16.840.1.113883.5.1063">
            <originalText>Denominator</originalText>
         </code>
         <value xsi:type="ED" mediaType="text/plain">Not Applicable</value>
      </measureAttribute>
   </subjectOf>
   <subjectOf>
      <measureAttribute>
         <code nullFlavor="OTH">
            <originalText>Denominator Exclusions</originalText>
         </code>
         <value xsi:type="ED" mediaType="text/plain">Not Applicable</value>
      </measureAttribute>
   </subjectOf>
   <subjectOf>
      <measureAttribute>
         <code code="NUMER" codeSystem="2.16.840.1.113883.5.1063">
            <originalText>Numerator</originalText>
         </code>
         <value xsi:type="ED" mediaType="text/plain">Not Applicable</value>
      </measureAttribute>
   </subjectOf>
   <subjectOf>
      <measureAttribute>
         <code nullFlavor="OTH">
            <originalText>Numerator Exclusions</originalText>
         </code>
         <value xsi:type="ED" mediaType="text/plain">Not Applicable</value>
      </measureAttribute>
   </subjectOf>
   <subjectOf>
      <measureAttribute>
         <code code="DENEXCEP" codeSystem="2.16.840.1.113883.5.1063">
            <originalText>Denominator Exceptions</originalText>
         </code>
         <value xsi:type="ED" mediaType="text/plain">Not Applicable</value>
      </measureAttribute>
   </subjectOf>
   <subjectOf>
      <measureAttribute>
         <code code="MSRPOPL" codeSystem="2.16.840.1.113883.5.1063">
            <originalText>Measure Population</originalText>
         </code>
         <value xsi:type="ED" mediaType="text/plain">Any ED Patient from the facility’s emergency department.</value>
      </measureAttribute>
   </subjectOf>
   <subjectOf>
      <measureAttribute>
         <code nullFlavor="OTH">
            <originalText>Measure Observations</originalText>
         </code>
         <value xsi:type="ED" mediaType="text/plain">Time (in minutes) from Decision to Admit to ED departure for patients admitted to the facility from the emergency department.</value>
      </measureAttribute>
   </subjectOf>
   <subjectOf>
      <measureAttribute>
         <code nullFlavor="OTH">
            <originalText>Supplemental Data Elements</originalText>
         </code>
         <value xsi:type="ED" mediaType="text/plain">For every patient evaluated by this measure, also identify payer, race, ethnicity and sex.</value>
      </measureAttribute>
   </subjectOf>
   <componentOf>
      <qualityMeasureSet classCode="ACT">
         <id root="7d81d40a-b1be-40e5-a3c4-11241bff2d1a"/>
         <title>Emergency Department</title>
      </qualityMeasureSet>
   </componentOf>
         
      <!--
         **************************************************************   
         Population Criteria Section
         **************************************************************
      --><component typeCode="COMP">
      <section>
         <code code="57026-7" codeSystem="2.16.840.1.113883.6.1" displayName="Population criteria"/>
         <title>Population criteria</title>
         <text>
            <list>
               <item>
                  <content styleCode="Bold">Initial Patient Population =</content>
                  <list>
                     <item>AND: "Occurrence A of Encounter, Performed: Encounter Inpatient (length of stay &lt;= 120 day(s))"</item>
                     <item>AND: "Occurrence A of Encounter, Performed: Encounter Inpatient (discharge datetime)" during "Measurement Period"</item>
                  </list>
               </item>
               <item>
                  <content styleCode="Bold">Measure Population =</content>
                  <list>
                     <item>AND: "Initial Patient Population"</item>
                     <item>AND: "Occurrence A of Encounter, Performed: Emergency Department Visit"  &lt;= 1 hour(s) ends before start of "Occurrence A of Encounter, Performed: Encounter Inpatient"</item>
                     <item>AND: "Occurrence A of Encounter, Order: Decision to Admit to Hospital Inpatient" during "Occurrence A of Encounter, Performed: Emergency Department Visit"</item>
                  </list>
               </item>
            </list>
         </text><!--
            **************************************************************   
            Population Criteria Section: population 
            **************************************************************
      -->
         <entry typeCode="DRIV">
            <observation classCode="OBS" moodCode="EVN" isCriterionInd="true">
               <id root="57927B6F-128E-4B7B-9C61-46EF133F6983"/>
               <code code="ASSERTION" codeSystem="2.16.840.1.113883.5.4"/>
               <value xsi:type="CD" code="IPP" codeSystem="2.16.840.1.113883.5.1063" codeSystemName="HL7 Observation Value" displayName="Initial Patient Population"/><!--  top and/or -->
               <sourceOf typeCode="PRCN">
                  <conjunctionCode code="AND"/>
                  <act classCode="ACT" moodCode="EVN" isCriterionInd="true"><!-- Encounter, Performed pattern -->
                     <templateId root="2.16.840.1.113883.3.560.1.79"/>
                     <id root="c25d9b51-87d0-4d3f-85e6-09a40a1dbd29"/>
                     <code code="46240-8" codeSystem="2.16.840.1.113883.6.1" displayName="Encounter list"/>
                     <sourceOf typeCode="COMP">
                        <encounter classCode="ENC" moodCode="EVN" isCriterionInd="true">
                           <code code="2.16.840.1.113883.3.666.5.307" displayName="Encounter Inpatient SNOMED-CT Value Set" codeSystem="2.16.840.1.113883.3.560.101.1"/>
                           <title>Occurrence A of Encounter, Performed: Encounter Inpatient (length of stay &lt;= 120  day(s))</title>
                           <statusCode code="completed"/>
                           <sourceOf typeCode="SUBJ">
                              <observation classCode="OBS" moodCode="EVN" isCriterionInd="true">
                                 <templateId root="2.16.840.1.113883.3.560.1.1029.3"/>
                                 <code code="183797002" codeSystem="2.16.840.1.113883.6.96" displayName="length of stay" codeSystemName="SNOMED-CT"/>
                                 <value xsi:type="IVL_PQ">
                                    <high value="120" unit="d" inclusive="true"/>
                                 </value>
                              </observation>
                           </sourceOf>
                        </encounter>
                     </sourceOf>
                  </act>
               </sourceOf>
               <sourceOf typeCode="PRCN">
                  <conjunctionCode code="AND"/>
                  <act classCode="ACT" moodCode="EVN" isCriterionInd="true"><!-- Encounter, Performed pattern -->
                     <templateId root="2.16.840.1.113883.3.560.1.79"/>
                     <id root="c25d9b51-87d0-4d3f-85e6-09a40a1dbd29"/>
                     <code code="46240-8" codeSystem="2.16.840.1.113883.6.1" displayName="Encounter list"/>
                     <sourceOf typeCode="COMP">
                        <encounter classCode="ENC" moodCode="EVN" isCriterionInd="true">
                           <code code="2.16.840.1.113883.3.666.5.307" displayName="Encounter Inpatient SNOMED-CT Value Set" codeSystem="2.16.840.1.113883.3.560.101.1"/>
                           <title>Occurrence A of Encounter, Performed: Encounter Inpatient (discharge datetime)</title>
                           <statusCode code="completed"/>
                           <sourceOf typeCode="REFR">
                              <observation classCode="OBS" moodCode="EVN" isCriterionInd="true">
                                 <templateId root="2.16.840.1.113883.3.560.1.1025.1"/>
                                 <code code="442864001" codeSystem="2.16.840.1.113883.6.96" displayName="discharge datetime" codeSystemName="SNOMED-CT"/>
                                 <value xsi:type="ANYNonNull"/>
                              </observation>
                           </sourceOf>
                           <sourceOf typeCode="DURING">
                              <observation classCode="OBS" moodCode="EVN" isCriterionInd="true">
                                 <id root="5705d0a6-ee7a-448e-99b8-16ff508b2849"/>
                                 <title>Measurement Period</title>
                              </observation>
                           </sourceOf>
                        </encounter>
                     </sourceOf>
                  </act>
               </sourceOf>
            </observation>
         </entry><!--
            **************************************************************   
            Population Criteria Section: measurePopulation 
            **************************************************************
      -->
         <entry typeCode="DRIV">
            <observation classCode="OBS" moodCode="EVN" isCriterionInd="true">
               <id root="657AF3B1-4054-4927-8DEF-ED99FBD4D148"/>
               <code code="ASSERTION" codeSystem="2.16.840.1.113883.5.4"/>
               <value xsi:type="CD" code="MSRPOPL" codeSystem="2.16.840.1.113883.5.1063" codeSystemName="HL7 Observation Value" displayName="Measure Population"/><!--  top and/or -->
               <sourceOf typeCode="PRCN">
                  <conjunctionCode code="AND"/>
                  <observation classCode="OBS" moodCode="EVN" isCriterionInd="true">
                     <id root="57927B6F-128E-4B7B-9C61-46EF133F6983"/>
                     <title>Initial Patient Population</title>
                  </observation>
               </sourceOf>
               <sourceOf typeCode="PRCN">
                  <conjunctionCode code="AND"/>
                  <act classCode="ACT" moodCode="EVN" isCriterionInd="true"><!-- Encounter, Performed pattern -->
                     <templateId root="2.16.840.1.113883.3.560.1.79"/>
                     <id root="63d3f5de-5e62-413a-8180-8104f86ea616"/>
                     <code code="46240-8" codeSystem="2.16.840.1.113883.6.1" displayName="Encounter list"/>
                     <sourceOf typeCode="COMP">
                        <encounter classCode="ENC" moodCode="EVN" isCriterionInd="true">
                           <code code="2.16.840.1.113883.3.117.1.7.1.293" displayName="Emergency Department Visit Grouping Value Set" codeSystem="2.16.840.1.113883.3.560.101.1"/>
                           <title>Occurrence A of Encounter, Performed: Emergency Department Visit</title>
                           <statusCode code="completed"/>
                           <sourceOf typeCode="EBS">
                              <pauseQuantity xsi:type="IVL_PQ">
                                 <high value="1" unit="h" inclusive="true"/>
                              </pauseQuantity>
                              <observation classCode="OBS" moodCode="EVN" isCriterionInd="true">
                                 <id root="c25d9b51-87d0-4d3f-85e6-09a40a1dbd29"/>
                                 <title>Occurrence A of Encounter, Performed: Encounter Inpatient</title>
                              </observation>
                           </sourceOf>
                        </encounter>
                     </sourceOf>
                  </act>
               </sourceOf>
               <sourceOf typeCode="PRCN">
                  <conjunctionCode code="AND"/>
                  <act classCode="ACT" moodCode="EVN" isCriterionInd="true"><!-- Encounter, Order pattern -->
                     <templateId root="2.16.840.1.113883.3.560.1.83"/>
                     <id root="91788b5b-c90a-4622-911b-209ab7799602"/>
                     <code code="18776-5" codeSystem="2.16.840.1.113883.6.1" displayName="Plan of Care"/>
                     <sourceOf typeCode="COMP">
                        <encounter classCode="ENC" moodCode="RQO" isCriterionInd="true">
                           <code code="2.16.840.1.113883.3.117.1.7.1.295" displayName="Decision to Admit to Hospital Inpatient Grouping Value Set" codeSystem="2.16.840.1.113883.3.560.101.1"/>
                           <title>Occurrence A of Encounter, Order: Decision to Admit to Hospital Inpatient</title>
                           <statusCode code="completed"/>
                           <sourceOf typeCode="DURING">
                              <observation classCode="OBS" moodCode="EVN" isCriterionInd="true">
                                 <id root="63d3f5de-5e62-413a-8180-8104f86ea616"/>
                                 <title>Occurrence A of Encounter, Performed: Emergency Department Visit</title>
                              </observation>
                           </sourceOf>
                        </encounter>
                     </sourceOf>
                  </act>
               </sourceOf>
            </observation>
         </entry>
      </section>
   </component>
            
         <!--
            **************************************************************   
            Measure Observations Section
            **************************************************************
         --><component typeCode="COMP">
      <section>
         <code code="57027-5" codeSystem="2.16.840.1.113883.6.1" displayName="Measure observations"/>
         <title>Measure observations</title>
         <text>
            <list>
               <item>Median of:Time difference of:<list>
                     <item>AND: "Occurrence A of Encounter, Order: Decision to Admit to Hospital Inpatient (start datetime)"</item>
                     <item>AND: "Occurrence A of Encounter, Performed: Emergency Department Visit (facility location departure datetime)"</item>
                  </list>
               </item>
            </list>
         </text>
         <entry typeCode="DRIV">
            <observation classCode="OBS" moodCode="DEF">
               <templateId root="TBD"/>
               <id root="474abacd-c861-4e77-a633-4c6782fdc7e3"/>
               <code>
                  <originalText>Median</originalText>
               </code>
               <derivationExpr>MEDIAN(var1 )</derivationExpr>
               <value xsi:type="ANYNonNull"/>
               <sourceOf typeCode="DRIV">
                  <localVariableName>var1</localVariableName>
                  <observation classCode="OBS" moodCode="DEF">
                     <templateId root="2.16.840.1.113883.3.560.1.10038"/>
                     <id root="23323018-22c6-4bec-aa66-4f6d0d9c5b9f"/>
                     <code>
                        <originalText>Time difference</originalText>
                     </code>
                     <derivationExpr>TIMEDIFF(var1.start datetime id .facility location departure datetime id  )</derivationExpr>
                     <value xsi:type="ANYNonNull"/>
                     <sourceOf typeCode="DRIV">
                        <localVariableName>var1</localVariableName>
                        <act classCode="ACT" moodCode="EVN" isCriterionInd="true">
                           <sourceOf typeCode="PRCN">
                              <conjunctionCode code="AND"/>
                              <act classCode="ACT" moodCode="EVN" isCriterionInd="true"><!-- Encounter, Order pattern -->
                                 <templateId root="2.16.840.1.113883.3.560.1.83"/>
                                 <id root="91788b5b-c90a-4622-911b-209ab7799602"/>
                                 <code code="18776-5" codeSystem="2.16.840.1.113883.6.1" displayName="Plan of Care"/>
                                 <sourceOf typeCode="COMP">
                                    <encounter classCode="ENC" moodCode="RQO" isCriterionInd="true">
                                       <code code="2.16.840.1.113883.3.117.1.7.1.295" displayName="Decision to Admit to Hospital Inpatient Grouping Value Set" codeSystem="2.16.840.1.113883.3.560.101.1"/>
                                       <title>Occurrence A of Encounter, Order: Decision to Admit to Hospital Inpatient (start datetime)</title>
                                       <statusCode code="completed"/>
                                       <sourceOf typeCode="REFR">
                                          <observation classCode="OBS" moodCode="EVN" isCriterionInd="true">
                                             <templateId root="2.16.840.1.113883.3.560.1.1027.1"/>
                                             <code code="398201009" codeSystem="2.16.840.1.113883.6.96" displayName="start datetime" codeSystemName="SNOMED-CT"/>
                                             <value xsi:type="ANYNonNull"/>
                                          </observation>
                                       </sourceOf>
                                    </encounter>
                                 </sourceOf>
                              </act>
                           </sourceOf>
                           <sourceOf typeCode="PRCN">
                              <conjunctionCode code="AND"/>
                              <act classCode="ACT" moodCode="EVN" isCriterionInd="true"><!-- Encounter, Performed pattern -->
                                 <templateId root="2.16.840.1.113883.3.560.1.79"/>
                                 <id root="63d3f5de-5e62-413a-8180-8104f86ea616"/>
                                 <code code="46240-8" codeSystem="2.16.840.1.113883.6.1" displayName="Encounter list"/>
                                 <sourceOf typeCode="COMP">
                                    <encounter classCode="ENC" moodCode="EVN" isCriterionInd="true">
                                       <code code="2.16.840.1.113883.3.117.1.7.1.293" displayName="Emergency Department Visit Grouping Value Set" codeSystem="2.16.840.1.113883.3.560.101.1"/>
                                       <title>Occurrence A of Encounter, Performed: Emergency Department Visit (facility location departure datetime)</title>
                                       <statusCode code="completed"/>
                                       <sourceOf typeCode="SUBJ">
                                          <encounter classCode="ENC" moodCode="EVN" isCriterionInd="true">
                                             <templateId root="2.16.840.1.113883.3.560.1.1036.1"/>
                                             <participant typeCode="LOC">
                                                <roleParticipant classCode="SDLOC">
                                                   <code/>
                                                   <effectiveTime xsi:type="IVL_TS">
                                                      <high/>
                                                   </effectiveTime>
                                                </roleParticipant>
                                             </participant>
                                          </encounter>
                                       </sourceOf>
                                    </encounter>
                                 </sourceOf>
                              </act>
                           </sourceOf>
                        </act>
                     </sourceOf>
                  </observation>
               </sourceOf>
            </observation>
         </entry>
      </section>
   </component>
         
      <!--
         ******************************************   
         Data Criteria Section
         ******************************************
      --><component typeCode="COMP">
      <section>
         <code code="57025-9" codeSystem="2.16.840.1.113883.6.1" displayName="Data criteria (QDM Data Elements)"/>
         <title>Data criteria (QDM Data Elements)</title>
         <text>
            <list>
               <item>
                  <content>"Diagnosis, Active: Psychiatric/Mental Health Patient"</content> using "Psychiatric/Mental Health Patient Grouping Value Set (2.16.840.1.113883.3.117.1.7.1.299)"</item>
               <item>
                  <content>"Encounter, Order: Decision to Admit to Hospital Inpatient"</content> using "Decision to Admit to Hospital Inpatient Grouping Value Set (2.16.840.1.113883.3.117.1.7.1.295)"</item>
               <item>
                  <content>"Encounter, Performed: Emergency Department Visit"</content> using "Emergency Department Visit Grouping Value Set (2.16.840.1.113883.3.117.1.7.1.293)"</item>
               <item>
                  <content>"Encounter, Performed: Encounter Inpatient"</content> using "Encounter Inpatient SNOMED-CT Value Set (2.16.840.1.113883.3.666.5.307)"</item>
               <item>
                  <content>Attribute: "Ordinality: Principal Diagnosis"</content> using "Principal Diagnosis SNOMED-CT Value Set  (2.16.840.1.113883.3.117.2.7.1.14)"</item>
            </list>
         </text>
         <entry typeCode="DRIV">
            <act classCode="ACT" moodCode="EVN" isCriterionInd="true"><!-- Diagnosis, Active pattern -->
               <templateId root="2.16.840.1.113883.3.560.1.2"/>
               <id root="9bb34569-58ad-48d4-a4fc-ff4b41fc76d0"/>
               <code code="11450-4" displayName="Problem" codeSystem="2.16.840.1.113883.6.1"/>
               <sourceOf typeCode="COMP">
                  <observation classCode="OBS" moodCode="EVN" isCriterionInd="true">
                     <code code="55607006" codeSystem="2.16.840.1.113883.6.96" displayName="Problem"/>
                     <title>Diagnosis, Active: Psychiatric/Mental Health Patient</title>
                     <value xsi:type="CD" code="2.16.840.1.113883.3.117.1.7.1.299" displayName="Psychiatric/Mental Health Patient Grouping Value Set"/>
                     <sourceOf typeCode="REFR">
                        <observation classCode="OBS" moodCode="EVN" isCriterionInd="true">
                           <code code="33999-4" codeSystem="2.16.840.1.113883.6.1" displayName="Status"/>
                           <value xsi:type="CD" code="55561003" displayName="active" codeSystem="2.16.840.1.113883.6.96"/>
                        </observation>
                     </sourceOf>
                  </observation>
               </sourceOf>
            </act>
         </entry>
         <entry typeCode="DRIV">
            <act classCode="ACT" moodCode="EVN" isCriterionInd="true"><!-- Encounter, Order pattern -->
               <templateId root="2.16.840.1.113883.3.560.1.83"/>
               <id root="7b4bff48-6ac6-4c15-b101-f9c1abc14ba5"/>
               <code code="18776-5" codeSystem="2.16.840.1.113883.6.1" displayName="Plan of Care"/>
               <sourceOf typeCode="COMP">
                  <encounter classCode="ENC" moodCode="RQO" isCriterionInd="true">
                     <code code="2.16.840.1.113883.3.117.1.7.1.295" displayName="Decision to Admit to Hospital Inpatient Grouping Value Set" codeSystem="2.16.840.1.113883.3.560.101.1"/>
                     <title>Encounter, Order: Decision to Admit to Hospital Inpatient</title>
                     <statusCode code="completed"/>
                  </encounter>
               </sourceOf>
            </act>
         </entry>
         <entry typeCode="DRIV">
            <act classCode="ACT" moodCode="EVN" isCriterionInd="true"><!-- Encounter, Performed pattern -->
               <templateId root="2.16.840.1.113883.3.560.1.79"/>
               <id root="e9655571-06ac-4604-af9c-f29a2e067c15"/>
               <code code="46240-8" codeSystem="2.16.840.1.113883.6.1" displayName="Encounter list"/>
               <sourceOf typeCode="COMP">
                  <encounter classCode="ENC" moodCode="EVN" isCriterionInd="true">
                     <code code="2.16.840.1.113883.3.666.5.307" displayName="Encounter Inpatient SNOMED-CT Value Set" codeSystem="2.16.840.1.113883.3.560.101.1"/>
                     <title>Encounter, Performed: Encounter Inpatient</title>
                     <statusCode code="completed"/>
                  </encounter>
               </sourceOf>
            </act>
         </entry>
         <entry typeCode="DRIV">
            <act classCode="ACT" moodCode="EVN" isCriterionInd="true"><!-- Encounter, Performed pattern -->
               <templateId root="2.16.840.1.113883.3.560.1.79"/>
               <id root="326b787f-ea9c-4c18-b25d-fb5ec4167b2f"/>
               <code code="46240-8" codeSystem="2.16.840.1.113883.6.1" displayName="Encounter list"/>
               <sourceOf typeCode="COMP">
                  <encounter classCode="ENC" moodCode="EVN" isCriterionInd="true">
                     <code code="2.16.840.1.113883.3.117.1.7.1.293" displayName="Emergency Department Visit Grouping Value Set" codeSystem="2.16.840.1.113883.3.560.101.1"/>
                     <title>Encounter, Performed: Emergency Department Visit</title>
                     <statusCode code="completed"/>
                  </encounter>
               </sourceOf>
            </act>
         </entry>
         <entry typeCode="COMP">
            <observation classCode="OBS" moodCode="DEF">
               <templateId root="2.16.840.1.113883.3.560.1.79"/>
               <id root="c25d9b51-87d0-4d3f-85e6-09a40a1dbd29"/>
               <sourceOf typeCode="DRIV">
                  <localVariableName>Encounter Inpatient</localVariableName>
                  <observation classCode="OBS" moodCode="EVN" isCriterionInd="true">
                     <id root="e9655571-06ac-4604-af9c-f29a2e067c15"/>
                  </observation>
               </sourceOf>
            </observation>
         </entry>
         <entry typeCode="COMP">
            <observation classCode="OBS" moodCode="DEF">
               <templateId root="2.16.840.1.113883.3.560.1.79"/>
               <id root="63d3f5de-5e62-413a-8180-8104f86ea616"/>
               <sourceOf typeCode="DRIV">
                  <localVariableName>Emergency Department Visit</localVariableName>
                  <observation classCode="OBS" moodCode="EVN" isCriterionInd="true">
                     <id root="326b787f-ea9c-4c18-b25d-fb5ec4167b2f"/>
                  </observation>
               </sourceOf>
            </observation>
         </entry>
         <entry typeCode="COMP">
            <observation classCode="OBS" moodCode="DEF">
               <templateId root="2.16.840.1.113883.3.560.1.83"/>
               <id root="91788b5b-c90a-4622-911b-209ab7799602"/>
               <sourceOf typeCode="DRIV">
                  <localVariableName>Decision to Admit to Hospital Inpatient</localVariableName>
                  <observation classCode="OBS" moodCode="EVN" isCriterionInd="true">
                     <id root="7b4bff48-6ac6-4c15-b101-f9c1abc14ba5"/>
                  </observation>
               </sourceOf>
            </observation>
         </entry>
      </section>
   </component>
            
         <!--
            **************************************************************   
            Stratification Section
            **************************************************************
         --><component typeCode="COMP">
      <section>
         <code code="69669-0" codeSystem="2.16.840.1.113883.6.1" displayName="Population stratification description"/>
         <title>Reporting Stratification</title>
         <text>
            <list>
               <item>
                  <content styleCode="Bold">Reporting Stratum 1 =</content>
                  <list>
                     <item>AND: "Occurrence A of Encounter, Performed: Emergency Department Visit"  &lt;= 1 hour(s) ends before start of "Occurrence A of Encounter, Performed: Encounter Inpatient"</item>
                  </list>
               </item>
               <item>
                  <content styleCode="Bold">Reporting Stratum 2 =</content>
                  <list>
                     <item>AND NOT: "Diagnosis, Active: Psychiatric/Mental Health Patient (ordinality: 'Principal Diagnosis')" starts during "Occurrence A of Encounter, Performed: Emergency Department Visit"</item>
                  </list>
               </item>
               <item>
                  <content styleCode="Bold">Reporting Stratum 3 =</content>
                  <list>
                     <item>AND: "Diagnosis, Active: Psychiatric/Mental Health Patient (ordinality: 'Principal Diagnosis')" starts during "Occurrence A of Encounter, Performed: Emergency Department Visit"</item>
                  </list>
               </item>
            </list>
         </text>
         <entry typeCode="DRIV">
            <observation classCode="OBS" moodCode="EVN" isCriterionInd="true" actionNegationInd="true">
               <id root="53A7C795-C46D-44E7-AC2E-53A7E64C9334"/>
               <code nullFlavor="OTH">
                  <originalText>Stratum</originalText>
               </code><!--  top and/or -->
               <sourceOf typeCode="PRCN">
                  <conjunctionCode code="AND"/>
                  <act classCode="ACT" moodCode="EVN" isCriterionInd="true"><!-- Encounter, Performed pattern -->
                     <templateId root="2.16.840.1.113883.3.560.1.79"/>
                     <id root="63d3f5de-5e62-413a-8180-8104f86ea616"/>
                     <code code="46240-8" codeSystem="2.16.840.1.113883.6.1" displayName="Encounter list"/>
                     <sourceOf typeCode="COMP">
                        <encounter classCode="ENC" moodCode="EVN" isCriterionInd="true">
                           <code code="2.16.840.1.113883.3.117.1.7.1.293" displayName="Emergency Department Visit Grouping Value Set" codeSystem="2.16.840.1.113883.3.560.101.1"/>
                           <title>Occurrence A of Encounter, Performed: Emergency Department Visit</title>
                           <statusCode code="completed"/>
                           <sourceOf typeCode="EBS">
                              <pauseQuantity xsi:type="IVL_PQ">
                                 <high value="1" unit="h" inclusive="true"/>
                              </pauseQuantity>
                              <observation classCode="OBS" moodCode="EVN" isCriterionInd="true">
                                 <id root="c25d9b51-87d0-4d3f-85e6-09a40a1dbd29"/>
                                 <title>Occurrence A of Encounter, Performed: Encounter Inpatient</title>
                              </observation>
                           </sourceOf>
                        </encounter>
                     </sourceOf>
                  </act>
               </sourceOf>
            </observation>
         </entry>
         <entry typeCode="DRIV">
            <observation classCode="OBS" moodCode="EVN" isCriterionInd="true" actionNegationInd="true">
               <id root="DE23B595-DD62-4C4F-8483-4E84E5ED42FC"/>
               <code nullFlavor="OTH">
                  <originalText>Stratum</originalText>
               </code><!--  top and/or -->
               <sourceOf typeCode="PRCN">
                  <conjunctionCode code="AND"/>
                  <act classCode="ACT" moodCode="EVN" isCriterionInd="true" actionNegationInd="true"><!-- Diagnosis, Active pattern -->
                     <templateId root="2.16.840.1.113883.3.560.1.2"/>
                     <id root="9bb34569-58ad-48d4-a4fc-ff4b41fc76d0"/>
                     <code code="11450-4" displayName="Problem" codeSystem="2.16.840.1.113883.6.1"/>
                     <sourceOf typeCode="COMP">
                        <observation classCode="OBS" moodCode="EVN" isCriterionInd="true">
                           <code code="55607006" codeSystem="2.16.840.1.113883.6.96" displayName="Problem"/>
                           <title>Diagnosis, Active: Psychiatric/Mental Health Patient (ordinality: 'Principal Diagnosis')</title>
                           <value xsi:type="CD" code="2.16.840.1.113883.3.117.1.7.1.299" displayName="Psychiatric/Mental Health Patient Grouping Value Set"/>
                           <sourceOf typeCode="REFR">
                              <observation classCode="OBS" moodCode="EVN" isCriterionInd="true">
                                 <code code="33999-4" codeSystem="2.16.840.1.113883.6.1" displayName="Status"/>
                                 <value xsi:type="CD" code="55561003" displayName="active" codeSystem="2.16.840.1.113883.6.96"/>
                              </observation>
                           </sourceOf>
                           <sourceOf typeCode="SUBJ">
                              <observation classCode="OBS" moodCode="EVN" isCriterionInd="true">
                                 <templateId root="2.16.840.1.113883.3.560.1.1012.2"/>
                                 <code code="117363000" codeSystem="2.16.840.1.113883.6.96" displayName="ordinality" codeSystemName="SNOMED-CT"/>
                                 <value xsi:type="CD" code="2.16.840.1.113883.3.117.2.7.1.14" codeSystem="2.16.840.1.113883.3.560.101.1" displayName="Principal Diagnosis"/>
                              </observation>
                           </sourceOf>
                           <sourceOf typeCode="SDU">
                              <observation classCode="OBS" moodCode="EVN" isCriterionInd="true">
                                 <id root="63d3f5de-5e62-413a-8180-8104f86ea616"/>
                                 <title>Occurrence A of Encounter, Performed: Emergency Department Visit</title>
                              </observation>
                           </sourceOf>
                        </observation>
                     </sourceOf>
                  </act>
               </sourceOf>
            </observation>
         </entry>
         <entry typeCode="DRIV">
            <observation classCode="OBS" moodCode="EVN" isCriterionInd="true" actionNegationInd="true">
               <id root="F30DFA39-4A7C-423D-A635-3BD013BC427C"/>
               <code nullFlavor="OTH">
                  <originalText>Stratum</originalText>
               </code><!--  top and/or -->
               <sourceOf typeCode="PRCN">
                  <conjunctionCode code="AND"/>
                  <act classCode="ACT" moodCode="EVN" isCriterionInd="true"><!-- Diagnosis, Active pattern -->
                     <templateId root="2.16.840.1.113883.3.560.1.2"/>
                     <id root="9bb34569-58ad-48d4-a4fc-ff4b41fc76d0"/>
                     <code code="11450-4" displayName="Problem" codeSystem="2.16.840.1.113883.6.1"/>
                     <sourceOf typeCode="COMP">
                        <observation classCode="OBS" moodCode="EVN" isCriterionInd="true">
                           <code code="55607006" codeSystem="2.16.840.1.113883.6.96" displayName="Problem"/>
                           <title>Diagnosis, Active: Psychiatric/Mental Health Patient (ordinality: 'Principal Diagnosis')</title>
                           <value xsi:type="CD" code="2.16.840.1.113883.3.117.1.7.1.299" displayName="Psychiatric/Mental Health Patient Grouping Value Set"/>
                           <sourceOf typeCode="REFR">
                              <observation classCode="OBS" moodCode="EVN" isCriterionInd="true">
                                 <code code="33999-4" codeSystem="2.16.840.1.113883.6.1" displayName="Status"/>
                                 <value xsi:type="CD" code="55561003" displayName="active" codeSystem="2.16.840.1.113883.6.96"/>
                              </observation>
                           </sourceOf>
                           <sourceOf typeCode="SUBJ">
                              <observation classCode="OBS" moodCode="EVN" isCriterionInd="true">
                                 <templateId root="2.16.840.1.113883.3.560.1.1012.2"/>
                                 <code code="117363000" codeSystem="2.16.840.1.113883.6.96" displayName="ordinality" codeSystemName="SNOMED-CT"/>
                                 <value xsi:type="CD" code="2.16.840.1.113883.3.117.2.7.1.14" codeSystem="2.16.840.1.113883.3.560.101.1" displayName="Principal Diagnosis"/>
                              </observation>
                           </sourceOf>
                           <sourceOf typeCode="SDU">
                              <observation classCode="OBS" moodCode="EVN" isCriterionInd="true">
                                 <id root="63d3f5de-5e62-413a-8180-8104f86ea616"/>
                                 <title>Occurrence A of Encounter, Performed: Emergency Department Visit</title>
                              </observation>
                           </sourceOf>
                        </observation>
                     </sourceOf>
                  </act>
               </sourceOf>
            </observation>
         </entry>
      </section>
   </component>
         
      <!--
         ******************************************   
         Supplemental Data Elements Section
         ******************************************
      --><component typeCode="COMP">
      <section>
         <code code="69670-8" codeSystem="2.16.840.1.113883.6.1" displayName="Supplemental Data Elements"/>
         <title>Supplemental Data Elements</title>
         <text>
            <list>
               <item>
                  <content>"Patient Characteristic Ethnicity: Ethnicity"</content> using "Ethnicity CDC Value Set (2.16.840.1.114222.4.11.837)"</item>
               <item>
                  <content>"Patient Characteristic Payer: Payer"</content> using "Payer Source of Payment Typology Value Set (2.16.840.1.114222.4.11.3591)"</item>
               <item>
                  <content>"Patient Characteristic Race: Race"</content> using "Race CDC Value Set (2.16.840.1.114222.4.11.836)"</item>
               <item>
                  <content>"Patient Characteristic Sex: ONC Administrative Sex"</content> using "ONC Administrative Sex Administrative Sex Value Set (2.16.840.1.113762.1.4.1)"</item>
            </list>
         </text>
         <entry typeCode="DRIV">
            <act classCode="ACT" moodCode="EVN" isCriterionInd="true"><!-- Patient Characteristic Sex pattern -->
               <templateId root="2.16.840.1.113883.3.560.1.402"/>
               <id root="065c514e-9ab7-47c0-a256-101a9c159dd8"/>
               <code code="45970-1" displayName="Demographics" codeSystem="2.16.840.1.113883.6.1"/>
               <sourceOf typeCode="COMP">
                  <observation classCode="OBS" moodCode="EVN" isCriterionInd="true">
                     <code code="263495000" codeSystem="2.16.840.1.113883.6.96" displayName="Sex"/>
                     <title>Patient Characteristic Sex: ONC Administrative Sex</title>
                     <value xsi:type="CD" code="2.16.840.1.113762.1.4.1" codeSystem="2.16.840.1.113883.3.560.101.1" displayName="ONC Administrative Sex Administrative Sex Value Set"/>
                  </observation>
               </sourceOf>
            </act>
         </entry>
         <entry typeCode="DRIV">
            <act classCode="ACT" moodCode="EVN" isCriterionInd="true"><!-- Patient Characteristic Race pattern -->
               <templateId root="2.16.840.1.113883.3.560.1.406"/>
               <id root="c6831952-af6f-43cd-80a7-214245c9cf55"/>
               <code code="45970-1" displayName="Demographics" codeSystem="2.16.840.1.113883.6.1"/>
               <sourceOf typeCode="COMP">
                  <observation classCode="OBS" moodCode="EVN" isCriterionInd="true">
                     <code code="32624-9" codeSystem="2.16.840.1.113883.6.1" displayName="Race"/>
                     <title>Patient Characteristic Race: Race</title>
                     <value xsi:type="CD" code="2.16.840.1.114222.4.11.836" codeSystem="2.16.840.1.113883.3.560.101.1" displayName="Race CDC Value Set"/>
                  </observation>
               </sourceOf>
            </act>
         </entry>
         <entry typeCode="DRIV">
            <act classCode="ACT" moodCode="EVN" isCriterionInd="true"><!-- Patient Characteristic Ethnicity pattern -->
               <templateId root="2.16.840.1.113883.3.560.1.403"/>
               <id root="9aebc506-28e1-4a00-a283-83a10e5d9b52"/>
               <code code="45970-1" displayName="Demographics" codeSystem="2.16.840.1.113883.6.1"/>
               <sourceOf typeCode="COMP">
                  <observation classCode="OBS" moodCode="EVN" isCriterionInd="true">
                     <code code="54133-4" codeSystem="2.16.840.1.113883.6.1" displayName="Ethnicity"/>
                     <title>Patient Characteristic Ethnicity: Ethnicity</title>
                     <value xsi:type="CD" code="2.16.840.1.114222.4.11.837" codeSystem="2.16.840.1.113883.3.560.101.1" displayName="Ethnicity CDC Value Set"/>
                  </observation>
               </sourceOf>
            </act>
         </entry>
         <entry typeCode="DRIV">
            <act classCode="ACT" moodCode="EVN" isCriterionInd="true"><!-- Patient Characteristic Payer pattern -->
               <templateId root="2.16.840.1.113883.3.560.1.405"/>
               <id root="8d85201e-d6ff-4e7b-ac84-26ef1dd8c61c"/>
               <code code="45970-1" displayName="Demographics" codeSystem="2.16.840.1.113883.6.1"/>
               <sourceOf typeCode="COMP">
                  <observation classCode="OBS" moodCode="EVN" isCriterionInd="true">
                     <code code="48768-6" codeSystem="2.16.840.1.113883.6.1" displayName="Payer"/>
                     <title>Patient Characteristic Payer: Payer</title>
                     <value xsi:type="CD" code="2.16.840.1.114222.4.11.3591" codeSystem="2.16.840.1.113883.3.560.101.1" displayName="Payer Source of Payment Typology Value Set"/>
                  </observation>
               </sourceOf>
            </act>
         </entry>
      </section>
   </component>
</QualityMeasureDocument>